id,name,pref,era,home_start,months_open,elderly_65,elderly_75,market_home,latent_home,underserved_ratio,market_facility,facility_count,facility_residents,competitors_n,competitors_enhanced_n,competitor_units,competition_density,exclusive_ratio,exclusive_market_home,exclusive_latent_home,siblings_in_radius,siblings_16km,e75_growth_20_25,cm_offices_n,cm_per_10k75,nursing_n,nursing_per_10k75,e75_growth_25_35,e85_growth_25_35,e85_growth_25_40,latent_home_2035
honin,本院,埼玉県,施設重視期,2014-04,149,137995.3238,70280.0284,1179.919,2311.8704,1.9593,1921.4721,110,5827.3,53.0,21.0,31.5662,4.4915,0.7222,852.1738,1669.7041,1,3,1.2319,112,15.9362,62,8.8219,1.0505,1.6408,1.6693,3793.2106
tokorozawa,所沢,埼玉県,施設重視期,2021-06,63,193167.1682,102399.4563,2765.6006,3605.3822,1.3037,2730.6031,139,7274.0,75.0,36.0,49.5697,4.8408,0.6426,1777.1957,2316.8456,1,5,1.1736,167,16.3087,94,9.1797,1.0401,1.4613,1.4705,5268.4331
shakujii,石神井公園,東京都,施設重視期,2022-02,55,360956.9284,193582.9355,7015.5996,7274.4522,1.0369,5896.3298,348,15425.9,231.0,102.0,148.8475,7.6891,0.5297,3716.0213,3853.1303,2,9,1.1067,350,18.0801,197,10.1765,0.9903,1.1833,1.1514,8607.913
hibarigaoka,ひばりが丘,東京都,施設重視期,2022-08,49,288738.3699,157332.8159,5464.9528,5785.6265,1.0587,4621.1345,241,12046.6,151.0,66.0,97.0575,6.1689,0.4721,2580.011,2731.4015,2,8,1.1423,253,16.0806,139,8.8348,1.0192,1.3459,1.3253,7786.8645
mitaka,三鷹,東京都,施設重視期,2022-08,49,315121.683,169687.3261,6499.1584,6503.6023,1.0007,5413.3836,297,14259.7,199.0,91.0,131.219,7.733,0.4107,2668.9992,2670.8242,2,7,1.1171,322,18.9761,171,10.0774,1.0545,1.2944,1.302,8418.5773
fuchu,府中,東京都,転換期,2023-04,41,213617.5321,111393.6999,4021.2319,4058.1784,1.0092,3328.6214,186,8789.1,91.0,51.0,66.3735,5.9585,0.8069,3244.6587,3274.4701,0,6,1.1819,169,15.1714,108,9.6953,1.0561,1.4278,1.4339,5794.2473
chofu,調布,東京都,転換期,2023-04,41,251128.9959,133372.7764,4444.5736,4858.1756,1.0931,4262.6639,253,11870.3,126.0,70.0,90.6967,6.8002,0.7001,3111.4379,3400.9813,0,6,1.1579,236,17.6948,121,9.0723,1.0676,1.3902,1.4043,6753.9085
sangenjaya,三軒茶屋,東京都,転換期,2023-08,37,387658.3172,206277.7351,8278.0628,8278.3636,1.0,5886.4341,295,13191.1,375.0,137.0,222.7805,10.8,0.7656,6337.8741,6338.1044,1,6,1.0892,398,19.2944,237,11.4894,1.0144,1.2351,1.2024,10224.8894
tsudanuma,津田沼,千葉県,転換期,2024-04,29,182644.2713,95399.6815,1637.6265,3330.4833,2.0337,1967.4936,135,5354.4,66.0,28.0,39.034,4.0916,0.9951,1629.6298,3314.2204,0,1,1.1782,189,19.8114,81,8.4906,0.9825,1.4712,1.4142,4899.9204
nishinippori,西日暮里,東京都,転換期,2025-04,17,439153.1083,229917.9513,8768.3768,8768.5979,1.0,6014.7218,265,12856.8,356.0,149.0,227.2515,9.884,0.9953,8727.1031,8727.3232,0,4,1.1102,454,19.7462,258,11.2214,0.9689,1.269,1.2221,11126.9777
koenji,高円寺,東京都,転換期,2025-04,17,407476.3697,217769.7238,8563.9292,8563.9292,1.0,6528.799,361,15950.5,337.0,146.0,216.1505,9.9256,0.5963,5106.8377,5106.8377,1,6,1.094,427,19.6079,248,11.3882,1.0007,1.199,1.1664,10268.4223
ichikawa,市川,千葉県,転換期,2025-11,10,295222.7579,154842.2547,4421.102,5550.1571,1.2554,3681.3677,205,8957.8,130.0,67.0,88.98,5.7465,0.9969,4407.5905,5533.195,0,2,1.127,315,20.3433,150,9.6873,0.9814,1.3248,1.2763,7352.808
urawa,浦和,埼玉県,転換期,2026-04,5,213676.2096,110316.8311,1639.1682,3770.4355,2.3002,3153.9459,206,9626.2,129.0,50.0,75.9001,6.8802,1.0,1639.1682,3770.4355,0,1,1.1777,199,18.039,99,8.9742,1.0865,1.4765,1.4991,5567.2283
