モデル,R2,予測誤差(LOO),追加指数の係数
月数のみ,0.49,0.65,
月数＋高齢者数(75歳以上),0.82,0.48,elderly_75=-1.19
月数＋顕在居宅需要,0.86,0.41,market_home=-0.69
月数＋潜在居宅需要,0.82,0.49,latent_home=-1.03
月数＋実効競合ユニット,0.76,0.56,competitor_units=-0.57
月数＋競合密度,0.69,0.64,competition_density=-1.00
月数＋競合あたり居宅需要,0.52,0.75,market_per_competitor=-0.68
月数＋入居系施設の入居者数,0.85,0.42,facility_residents=-1.06
月数＋排他率(グループ重複の少なさ),0.81,0.41,exclusive_ratio=+0.86
月数＋未充足度,0.85,0.34,underserved_ratio=+1.70
月数＋未充足度＋競合密度,0.85,0.4,"underserved_ratio=+1.69, competition_density=-0.02"
月数＋未充足度＋排他率,0.92,0.3,"underserved_ratio=+1.17, exclusive_ratio=+0.49"
月数＋未充足度＋開院時期【採用】,0.96,0.21,"underserved_ratio=+1.55, facility_era=-0.58"
