area,lat,lon,score,pred_home_36m,pred_home_36m_group_net,reach_target,elderly_65,elderly_75,market_home,latent_home,underserved_ratio,competitor_units,competition_density,facility_residents,exclusive_ratio_new,e75_growth_20_25,e85_growth_25_35,e85_growth_25_40,cm_offices_n,cm_per_10k75,nursing_n,nursing_per_10k75,latent_home_2035,nearest_clinic,nearest_clinic_km,underserved_extrapolated
千葉県流山市付近,35.872,139.934,85.003,418.948,418.948,325.595,264740.238,133230.213,2146.023,4535.635,2.114,68.044,5.107,9036.4,1.0,1.26,1.715,1.724,235,17.639,134,10.058,7778.39,市川,16.597,False
埼玉県吉川市付近,35.89,139.845,82.074,418.948,418.948,284.802,249203.223,123897.577,1791.417,3967.384,2.215,53.713,4.335,8945.6,1.0,1.248,1.684,1.666,197,15.9,116,9.363,6682.381,浦和,18.34,True
千葉県柏市付近,35.854,140.0,81.151,418.948,418.948,294.226,235279.093,121330.545,1882.254,4098.652,2.178,50.849,4.191,8781.1,1.0,1.233,1.653,1.639,222,18.297,116,9.561,6776.426,市川,16.806,True
埼玉県松伏町付近,35.944,139.801,78.175,418.948,418.948,223.793,197508.968,98731.859,1401.524,3117.505,2.224,39.612,4.012,7042.7,1.0,1.255,1.682,1.66,168,17.016,77,7.799,5243.828,浦和,15.969,True
埼玉県宮代町付近,36.016,139.712,74.265,418.948,418.948,190.442,169192.956,84749.37,1121.802,2652.922,2.365,31.456,3.712,7371.9,1.0,1.254,1.684,1.679,145,17.109,60,7.08,4468.449,浦和,16.369,True
埼玉県川越市付近,35.944,139.469,73.942,418.948,418.948,171.118,145937.281,72232.258,1086.109,2383.723,2.195,32.535,4.504,4971.2,1.0,1.262,1.725,1.724,127,17.582,69,9.552,4112.458,本院,16.319,True
茨城県守谷市付近,35.926,139.934,73.655,418.948,418.948,169.221,141787.312,69476.497,996.194,2357.296,2.366,29.955,4.312,5527.1,1.0,1.271,1.724,1.761,134,19.287,75,10.795,4063.294,市川,22.55,True
埼玉県春日部市付近,35.998,139.779,72.944,418.948,418.948,163.977,149861.558,74164.832,991.556,2284.256,2.304,22.145,2.986,5896.9,1.0,1.271,1.72,1.689,123,16.585,39,5.259,3928.433,浦和,17.973,True
埼玉県坂戸市付近,35.962,139.403,71.915,418.948,418.948,140.716,123316.187,59681.515,888.675,1960.214,2.206,20.671,3.464,4178.9,1.0,1.297,1.855,1.887,92,15.415,47,7.875,3636.645,本院,17.564,True
埼玉県伊奈町付近,36.034,139.602,71.894,418.948,418.948,189.8,158148.675,80289.883,1183.183,2643.98,2.235,36.251,4.515,6010.9,1.0,1.234,1.631,1.644,117,14.572,51,6.352,4313.016,浦和,17.471,True
千葉県鎌ケ谷市付近,35.782,140.0,70.806,418.948,299.799,263.19,297384.508,158148.173,2278.67,5123.421,2.248,58.854,3.721,13312.8,0.716,1.27,1.74,1.732,295,18.653,125,7.904,8912.255,津田沼,10.542,True
千葉県松戸市付近,35.818,139.934,70.743,411.456,362.535,360.259,332215.304,171781.96,2782.152,5695.726,2.047,96.541,5.62,13363.9,0.881,1.224,1.617,1.6,322,18.745,173,10.071,9210.758,市川,10.712,False
千葉県我孫子市付近,35.836,140.066,70.334,418.948,418.948,136.213,117237.748,58548.856,787.75,1897.49,2.409,13.555,2.315,4979.7,1.0,1.269,1.733,1.804,101,17.251,46,7.857,3288.153,津田沼,16.76,True
埼玉県越谷市付近,35.872,139.779,69.894,418.948,393.111,339.467,320662.07,165289.972,2314.744,5039.685,2.177,67.485,4.083,14595.0,0.938,1.219,1.597,1.539,264,15.972,122,7.381,8048.019,浦和,12.368,True
千葉県野田市付近,35.962,139.867,68.934,418.948,418.948,119.454,102321.374,50584.608,732.443,1664.034,2.272,11.955,2.363,3881.7,1.0,1.287,1.77,1.787,82,16.21,37,7.314,2945.359,浦和,22.23,True
千葉県佐倉市付近,35.728,140.199,68.812,418.948,418.948,134.48,110098.261,56313.28,901.464,1873.355,2.078,21.405,3.801,3461.6,1.0,1.264,1.698,1.667,92,16.337,44,7.813,3181.257,津田沼,16.357,False
埼玉県桶川市付近,35.998,139.535,68.663,418.948,418.948,160.777,136323.063,69972.005,962.779,2239.671,2.326,26.515,3.789,5911.3,1.0,1.23,1.63,1.635,108,15.435,42,6.002,3649.571,浦和,16.221,True
埼玉県毛呂山町付近,35.944,139.336,67.56,418.948,418.948,105.371,93194.426,44435.737,662.87,1467.849,2.214,17.086,3.845,3188.1,1.0,1.283,1.838,1.853,58,13.053,36,8.102,2697.288,本院,17.018,True
神奈川県寒川町付近,35.403,139.38,67.348,253.908,253.908,270.266,224174.967,114430.821,2579.487,3764.89,1.46,66.074,5.774,8908.8,1.0,1.256,1.698,1.699,174,15.206,133,11.623,6393.849,府中,30.824,False
埼玉県三郷市付近,35.836,139.867,67.305,302.352,269.335,398.354,366136.186,189066.416,3776.377,6229.463,1.65,104.837,5.545,12976.9,0.891,1.215,1.59,1.547,306,16.185,173,9.15,9907.342,市川,12.782,False
埼玉県久喜市付近,36.07,139.668,67.088,418.948,418.948,125.387,112855.016,53487.447,747.888,1746.674,2.336,14.271,2.668,4583.8,1.0,1.259,1.687,1.734,74,13.835,33,6.17,2946.733,浦和,21.234,True
茨城県取手市付近,35.89,140.066,66.891,418.948,418.948,132.531,109928.562,55471.86,676.995,1846.199,2.727,10.635,1.917,3818.4,1.0,1.223,1.659,1.597,82,14.782,41,7.391,3063.231,津田沼,22.658,True
埼玉県さいたま市岩槻区付近,35.962,139.712,65.947,418.948,374.634,220.205,218275.976,112193.458,1402.842,3430.372,2.445,46.892,4.18,10444.8,0.894,1.235,1.642,1.618,204,18.183,78,6.952,5633.703,浦和,11.075,True
神奈川県綾瀬市付近,35.439,139.447,65.427,255.169,255.169,392.457,313385.174,165498.716,3732.728,5467.046,1.465,82.581,4.99,13559.1,1.0,1.222,1.578,1.555,249,15.045,180,10.876,8624.813,調布,24.815,False
埼玉県幸手市付近,36.088,139.734,65.003,418.948,418.948,105.914,95412.039,44799.079,610.59,1475.418,2.416,10.34,2.308,3552.7,1.0,1.263,1.692,1.756,66,14.732,28,6.25,2496.728,浦和,24.563,True
千葉県千葉市緑区付近,35.548,140.133,64.817,418.948,418.948,130.587,108023.922,54685.346,818.101,1819.112,2.224,27.934,5.108,4574.3,1.0,1.235,1.623,1.692,125,22.858,63,11.52,2951.97,津田沼,18.547,True
埼玉県狭山市付近,35.89,139.425,64.785,418.948,339.134,193.855,207252.959,103631.165,1470.065,3336.011,2.269,45.905,4.43,8053.1,0.81,1.258,1.712,1.72,157,15.15,82,7.913,5709.788,本院,9.574,True
千葉県佐倉市付近（南側）,35.674,140.243,64.642,418.948,418.948,100.639,86178.787,42754.641,648.324,1401.932,2.162,11.29,2.641,3172.4,1.0,1.271,1.707,1.709,76,17.776,26,6.081,2393.367,津田沼,19.858,False
埼玉県鴻巣市付近,36.052,139.491,64.605,418.948,418.948,107.137,92775.137,44753.95,641.281,1492.449,2.327,17.372,3.882,3960.3,1.0,1.252,1.68,1.759,63,14.077,26,5.81,2507.254,浦和,23.426,True
埼玉県加須市付近,36.124,139.668,64.35,418.948,418.948,101.136,89130.96,40798.007,596.529,1408.861,2.362,11.163,2.736,3223.2,1.0,1.272,1.699,1.823,71,17.403,35,8.579,2394.149,浦和,27.218,True
