clinic,kind,件数,うち係争,半径3km以内
ひばりが丘,居宅介護支援(CM),128,118,65
ひばりが丘,訪問看護,55,49,28
三軒茶屋,居宅介護支援(CM),408,196,111
三軒茶屋,訪問看護,258,119,73
三鷹,居宅介護支援(CM),137,137,91
三鷹,訪問看護,74,74,53
市川,居宅介護支援(CM),436,99,88
市川,訪問看護,213,55,37
府中,居宅介護支援(CM),198,91,50
府中,訪問看護,123,47,38
所沢,居宅介護支援(CM),133,124,52
所沢,訪問看護,72,68,31
本院,居宅介護支援(CM),106,48,34
本院,訪問看護,59,24,18
津田沼,居宅介護支援(CM),271,34,57
津田沼,訪問看護,119,20,33
浦和,居宅介護支援(CM),316,0,60
浦和,訪問看護,157,0,33
石神井公園,居宅介護支援(CM),227,188,96
石神井公園,訪問看護,132,107,57
西日暮里,居宅介護支援(CM),646,148,120
西日暮里,訪問看護,360,84,70
調布,居宅介護支援(CM),199,119,61
調布,訪問看護,105,74,36
高円寺,居宅介護支援(CM),276,276,104
高円寺,訪問看護,152,152,55
