clinic,kind,distance_km,contested,name,corp,city,address,office_no,lat,lon
市川,居宅介護支援(CM),0.45,False,居宅介護支援事業所ルミエラシーヌ,株式会社東光シーズガーデン,市川市,千葉県市川市新田４－１８－３０ルミエ市川,1270804758,35.724311,139.90825040000004
市川,居宅介護支援(CM),0.46,False,くるみ介護サービス　市川店,有限会社くるみ,市川市,千葉県市川市市川南１－３－２１,1270803214,35.726630383440565,139.90788713064035
市川,居宅介護支援(CM),0.52,False,ケアライズ,株式会社ケアライズ,市川市,千葉県市川市新田4丁目12番17号翠松苑104,1270805326,35.726186298535026,139.9088550453689
市川,居宅介護支援(CM),0.6,False,一般財団法人　市川市福祉公社,一般財団法人市川市福祉公社,市川市,千葉県市川市市川南1-1-1ザタワーズイースト２０９,1270800178,35.72843764042384,139.90822987618253
市川,居宅介護支援(CM),0.61,False,ケアプランいちかわ,社会医療法人社団千葉県勤労者医療協会,市川市,千葉県市川市大洲４－１０－２１,1270803412,35.7217732,139.90896920000003
市川,居宅介護支援(CM),0.78,False,じゅねす,株式会社Ｊｅｕｎｅｓｓｅ,市川市,千葉県市川市市川1-23-8みどりやビル501,1270806134,35.7305542,139.9082422
市川,居宅介護支援(CM),0.83,False,らいくゆうケア,合同会社　マイラシク,江戸川区,東京都江戸川区北篠崎1-8-5,1372310910,35.7211896,139.8952774
市川,居宅介護支援(CM),0.85,False,ケアプランカイト,株式会社カイト,市川市,千葉県市川市市川1-22-6青山ビル201,1270805920,35.7311742606919,139.90840799643345
市川,居宅介護支援(CM),0.88,False,有限会社　市川家政婦紹介所,有限会社市川家政婦紹介所,市川市,千葉県市川市市川1-13-32-401アパートメントウイステリア,1270800491,35.731667691557895,139.90813886256558
市川,居宅介護支援(CM),0.88,False,ケアプランセンター市友,有限会社アルファメディカル,市川市,千葉県市川市新田2-28-3サンコーポ101,1270806084,35.726423,139.9128549
市川,居宅介護支援(CM),0.89,False,ケアプランゆうあい,エステル株式会社,市川市,千葉県市川市中山1-22-2,1270806035,35.72934800000001,139.9113862
市川,居宅介護支援(CM),0.91,False,ケアパートナー　マザーシップ,株式会社悠仁舎,市川市,千葉県市川市市川1-22-11,1270806050,35.7316194,139.9088426
市川,居宅介護支援(CM),0.97,False,ケアみなみ支援センター,株式会社　友光,市川市,千葉県市川市市川１－２１-7クレール市川310,1270804022,35.7318209,139.9096862
市川,居宅介護支援(CM),1.08,False,さわやかケア市川・居宅介護支援,ウエルシアパートナーズ株式会社,市川市,千葉県市川市真間１－１２－４市川センタービル4階,1270801820,35.73210832959063,139.91109326588432
市川,居宅介護支援(CM),1.32,False,ポピンズ京葉ケアステーションいちかわ,京葉興業株式会社,市川市,千葉県市川市真間1-5-2リバーフォレスト真間1階,1270806258,35.732620700000005,139.9142657
市川,居宅介護支援(CM),1.33,False,シルバン介護センター,有限会社　シルバン,市川市,千葉県市川市真間2-9-5,1270800665,35.735802901630265,139.90918248954924
市川,居宅介護支援(CM),1.34,False,居宅介護支援事業所　きく,社会福祉法人協和会,江戸川区,東京都江戸川区西篠崎1-6-7２F,1372309466,35.7168953,139.89205160000006
市川,居宅介護支援(CM),1.34,False,オアシスケア　えどがわ,有限会社オアシスケア,江戸川区,東京都江戸川区南小岩２丁目４番１０号,1372304095,35.7194838,139.89003219999995
市川,居宅介護支援(CM),1.35,False,ジェロントピア菊華　居宅介護支援相談室,医療法人社団三和会,江戸川区,東京都江戸川区西篠崎１丁目６番地７号,1372300861,35.7168592,139.89202939999996
市川,居宅介護支援(CM),1.41,False,東京ケア,株式会社　ウメザワ,江戸川区,東京都江戸川区鹿骨3-18-8,1372302644,35.7161093,139.89199050000002
市川,居宅介護支援(CM),1.42,False,有限会社京成ケアサービス,有限会社京成ケアサービス,市川市,千葉県市川市市川3-32-8,1270800095,35.737572700000015,139.90373079999995
市川,居宅介護支援(CM),1.44,False,ケア・プアメリア,株式会社ケア・プアメリア,江戸川区,東京都江戸川区東小岩4-12-7,1372310977,35.7294652,139.8884309
市川,居宅介護支援(CM),1.45,False,指定居宅介護支援事業所相談処江戸川,株式会社ＮＯＺＡＫＩ,江戸川区,東京都江戸川区南小岩2-1-5第２ミユキコーポ102,1372310308,35.716722,139.8906285
市川,居宅介護支援(CM),1.5,False,りぼんケア,株式会社りぼんケア,市川市,千葉県市川市大和田3-25-8,1270803073,35.7156876,139.91560579999998
市川,居宅介護支援(CM),1.51,False,なでしこプランセンタ―,株式会社撫子,江戸川区,東京都江戸川区南小岩2-8-2南小岩スタービル,1372307676,35.721420300000005,139.8870703
市川,居宅介護支援(CM),1.55,False,有限会社　菜の花江戸川,有限会社　菜の花江戸川,江戸川区,東京都江戸川区南小岩３－１９－２メゾン南小岩Ⅱ　１０１号室,1372302362,35.72755848316783,139.8865014768097
市川,居宅介護支援(CM),1.62,False,あやめ介護センター,有限会社あやめケア,江戸川区,東京都江戸川区南小岩7-40-29レジデンス幸103,1372303089,35.72706812817055,139.88553442764737
市川,居宅介護支援(CM),1.62,False,ケア赤とんぼ,合同会社　ケア　赤とんぼ,江戸川区,東京都江戸川区東小岩５丁目１６番６号ライトハイツ　２階,1372308922,35.731945,139.8876305
市川,居宅介護支援(CM),1.63,False,いきいきサポートケアプランⅡ,アスカライジング株式会社,江戸川区,東京都江戸川区南小岩7-40-29レジデンス幸101,1372310217,35.7270939,139.8854598
市川,居宅介護支援(CM),1.66,False,篠崎介護支援センターサンタ,合同会社サンタ,江戸川区,東京都江戸川区篠崎町1-37-27ドミールマツ201,1372311397,35.71047959999999,139.9083862
市川,居宅介護支援(CM),1.67,False,ゆずハウス,株式会社　黄金木,江戸川区,東京都江戸川区篠崎町1-21-7,1372310480,35.709879099999995,139.9058905
市川,居宅介護支援(CM),1.73,False,1丁目の広場居宅介護支援事業所,楓合同会社,江戸川区,東京都江戸川区篠崎町1-16-20,1372310613,35.70934429999999,139.9052701
市川,居宅介護支援(CM),1.77,False,はる介護サービス,はる合同会社,江戸川区,東京都江戸川区篠崎町1-15-141F,1372310472,35.708977399999995,139.90532529999996
市川,居宅介護支援(CM),1.78,False,くじら介護サービス,合同会社くじら介護,江戸川区,東京都江戸川区北小岩４－３１ー１４,1372305811,35.7394002,139.89512289999993
市川,居宅介護支援(CM),1.79,False,八幡ケアマネジメント,合同会社北斗七星ケアプラン,市川市,千葉県市川市平田1-11-2石井第一ビル3階,1270802448,35.7236974,139.9230467
市川,居宅介護支援(CM),1.8,False,でこぽん,株式会社でこぽん,江戸川区,東京都江戸川区北小岩１－１０－１サンライズII－１０３,1372305340,35.7362102649974,139.88922218213955
市川,居宅介護支援(CM),1.83,False,ひなたぼっこ居宅介護ステーション,ひなたぼっこ株式会社,江戸川区,東京都江戸川区東小岩5-4-15大山ビル1階,1372306009,35.733383156694515,139.886003005808
市川,居宅介護支援(CM),1.85,False,居宅介護支援事業所あい,社会福祉法人自靖会,江戸川区,東京都江戸川区鹿骨4-3-13,1372311488,35.7127552,139.8891624
市川,居宅介護支援(CM),1.86,False,生活クラブ風の村ケアプランセンター市川,社会福祉法人生活クラブ,市川市,千葉県市川市須和田1-23-4,1270801093,35.7368478,139.9175689
市川,居宅介護支援(CM),1.96,False,在宅介護支援センター　清南,社会福祉法人白秋会,江戸川区,東京都江戸川区北小岩５－３４－１０,1372301703,35.739703,139.89163429999996
市川,居宅介護支援(CM),1.97,False,ウェルネス・サポートえそら,株式会社ｅ－ｓｏｌａ,江戸川区,東京都江戸川区北小岩3-13-10アズ小岩レジデンス2F,1372310118,35.73993391545733,139.89191238018665
市川,居宅介護支援(CM),2.0,False,レンティケアサービス菅野,株式会社レンティ,市川市,千葉県市川市菅野４－１７－１４ゴールドパレス201,1270802455,35.7327069,139.92322969999998
市川,居宅介護支援(CM),2.0,False,けあまね処すもも,合同会社すもも,江戸川区,東京都江戸川区南小岩5-15-20,1372307015,35.7254163721503,139.8811588899123
市川,居宅介護支援(CM),2.0,False,江戸川病院訪問看護ステーション・マックスライフ,社会福祉法人　仁生社,江戸川区,東京都江戸川区東松本2-14-12,1372300945,35.720171479219296,139.88189838029254
市川,居宅介護支援(CM),2.02,False,株式会社ケアテックＫＯＩＷＡ,株式会社ケアテック,江戸川区,東京都江戸川区南小岩8-15-13,1372303501,35.734159300000016,139.88415439999994
市川,居宅介護支援(CM),2.08,False,えんどう接骨院ケアサービス,合資会社遠藤接骨院ケアサービス,市川市,千葉県市川市菅野１－２３－１８,1270801986,35.730054599999995,139.9254102
市川,居宅介護支援(CM),2.08,False,株式会社朝日ケアコンサルタント「テレサ会」,株式会社朝日ケアコンサルタント,市川市,千葉県市川市南八幡4-14-15アール・ワイ・エムビル２F,1270805599,35.718913,139.9252071
市川,居宅介護支援(CM),2.08,False,くくるケアプランセンター,株式会社　くくる,江戸川区,東京都江戸川区南小岩7-26-21ペガサスステーションプラザ小岩611号,1372310738,35.7333069,139.8827488
市川,居宅介護支援(CM),2.08,False,小岩ホームさわやか相談室,社会福祉法人厚生会,江戸川区,東京都江戸川区南小岩６－２８－１２,1372300051,35.7302793,139.88127150000005
市川,居宅介護支援(CM),2.14,False,介護のパムコ,日本パムコ株式会社,市川市,千葉県市川市南八幡４-２-５いちかわ情報プラザ３０１,1270800145,35.7206039,139.9264984
市川,居宅介護支援(CM),2.15,False,ベネッセ介護センター本八幡,株式会社ベネッセスタイルケア,市川市,千葉県市川市南八幡4-8-9ニューグリーンビル402号室,1270804881,35.7188843,139.92603269999995
市川,居宅介護支援(CM),2.18,False,心ほっと市川,心ほっとケアサービス株式会社,市川市,千葉県市川市八幡３－２２－１６ヴィラ市川1階,1270803701,35.72621134339774,139.9273556139981
市川,居宅介護支援(CM),2.18,False,かたくり小岩,ＡＬＳＯＫ介護株式会社,江戸川区,東京都江戸川区西小岩5-11-15吉永ビル101号室,1372306454,35.736931200000015,139.8842793
市川,居宅介護支援(CM),2.21,False,江戸川光照苑さわやか相談室指定居宅介護支援事業所,社会福祉法人光照園,江戸川区,東京都江戸川区北小岩5-7-2,1372300085,35.7402473,139.88786500000003
市川,居宅介護支援(CM),2.23,False,医療法人社団ゆい　ケアプランゆい,医療法人社団ゆい,江戸川区,東京都江戸川区西小岩1-21-23ゆいビル2F,1372308062,35.73423955626872,139.88157078686368
市川,居宅介護支援(CM),2.26,False,ケアプランはな小岩,株式会社　はな,江戸川区,東京都江戸川区西小岩1‐23‐5コムーネ101,1372309888,35.7334387,139.88058820000003
市川,居宅介護支援(CM),2.27,False,居宅介護支援事業所ホームケア本八幡,ホームケア株式会社,市川市,千葉県市川市南八幡3-5-15並木ビル４０１,1270804832,35.7204062,139.92782409999995
市川,居宅介護支援(CM),2.27,False,ダイバーシティ篠崎,株式会社マロー・サウンズ・カンパニー,江戸川区,東京都江戸川区篠崎町2-1-20I‘ｓフラット801号,1372310928,35.704433,139.9056196
市川,居宅介護支援(CM),2.28,False,おれんじ,株式会社　おれんじ,市川市,千葉県市川市南八幡3-7-15スクウェアーハイム506,1270805953,35.719039407248,139.9275037990935
市川,居宅介護支援(CM),2.32,False,SOMPOケア地域サービスセンター市川八幡居宅介護支援,ＳＯＭＰＯケア株式会社,市川市,千葉県市川市八幡2丁目3番18号ヴェルス本八幡　1階,1270805276,35.723178,139.92891009999994
市川,居宅介護支援(CM),2.32,False,トモカンパニー介護のとも,合資会社トモカンパニー,市川市,千葉県市川市南八幡３－７－７シティハイツ１０３,1270800913,35.719375400000004,139.92810009999994
市川,居宅介護支援(CM),2.32,False,ケア21江戸川,ケア21,江戸川区,東京都江戸川区西小岩4-1-20千成ビル1F,1372310845,35.7353173,139.8810629
市川,居宅介護支援(CM),2.33,False,居宅介護支援事業所ソラスト本八幡,株式会社　ソラスト,市川市,千葉県市川市八幡３－２９－２０秋葉ビル201号室,1270801226,35.726084199999995,139.92912120000005
市川,居宅介護支援(CM),2.37,False,東京海上日動みずたま介護ＳＴ本八幡ケアプランセンター,東京海上日動ベターライフサービス株式会社,市川市,千葉県市川市南八幡3-3-16アグレ本八幡１０１号室,1270804840,35.719988552481354,139.92885787951238
市川,居宅介護支援(CM),2.37,False,エールハート小岩,株式会社　中央ケアサービス,江戸川区,東京都江戸川区西小岩4-13-17Y'sフラット,1372309870,35.73711380794577,139.8818866321802
市川,居宅介護支援(CM),2.39,False,介護のパムコ菅野,日本パムコ株式会社,市川市,千葉県市川市東菅野1-5-5,1270801028,35.7279438,139.92950710000002
市川,居宅介護支援(CM),2.39,False,ケアフリー介護相談室　指定居宅介護支援事業所,株式会社ケアフリー,江戸川区,東京都江戸川区松本2-39-4,1372306900,35.71914321066046,139.87772268807888
市川,居宅介護支援(CM),2.42,False,トロールケアサービス,有限会社トロールケアサービス,江戸川区,東京都江戸川区北小岩５-1-9,1372303147,35.74115280000001,139.88557079999998
市川,居宅介護支援(CM),2.43,False,幸志会ケアプランセンター,社会福祉法人幸志会,市川市,千葉県市川市南八幡３丁目２番１エクセル貴多川第２,1270806233,35.7195851,139.92948160000003
市川,居宅介護支援(CM),2.46,False,ひまわり,合同会社向日葵,市川市,千葉県市川市八幡2-8-19第三山本ビル1階,1270804956,35.7215005328942,139.9302896101766
市川,居宅介護支援(CM),2.47,False,介護屋　みらい,株式会社介護屋宮﨑,江戸川区,東京都江戸川区西小岩４－２－１１浩三Ⅱ１０１,1372306710,35.7369006,139.88031030000002
市川,居宅介護支援(CM),2.48,False,ケアセンターききょう,株式会社桔梗,江戸川区,東京都江戸川区新堀1-38-10301,1372308856,35.70583309999998,139.8889243
市川,居宅介護支援(CM),2.5,False,パークケアえがお,株式会社Ｎ３Ｃ,江戸川区,東京都江戸川区西小岩3-34-12ペルナ西小岩303,1372311421,35.7365021,139.879645
市川,居宅介護支援(CM),2.5,False,居宅介護支援事業所　わとなーる,社会福祉法人わとなーる,江戸川区,東京都江戸川区鹿骨一丁目３番８号,1372304459,35.7069772,139.88647449999996
市川,居宅介護支援(CM),2.54,False,ウェル森永　介護相談室　江戸川,株式会社　ウェル森永,江戸川区,東京都江戸川区北小岩6丁目39番18号,1372303121,35.743343139874185,139.88679924418034
市川,居宅介護支援(CM),2.59,False,にっこりサービス,株式会社マネージメントオフィス金子,江戸川区,東京都江戸川区北小岩6-15-10リエス京成小岩駅前202号室,1372307379,35.7425436435904,139.88480714190396
市川,居宅介護支援(CM),2.64,False,ニコニコファミリーケア,有限会社ニコニコファミリーケア,江戸川区,東京都江戸川区大杉4－7－1,1372301984,35.710882227319,139.879579320546
市川,居宅介護支援(CM),2.64,False,老人保健施設　ビーバス成光苑,医療法人社団泰正会,江戸川区,東京都江戸川区北小岩２－７－６,1372301018,35.7418249,139.88292649999994
市川,居宅介護支援(CM),2.65,False,悠惺介護福祉相談室,株式会社悠惺,江戸川区,東京都江戸川区大杉５丁目32-12カインドコート406,1372311173,35.711696,139.8788456
市川,居宅介護支援(CM),2.69,False,しらぎく園居宅介護支援事業所,社会福祉法人むつみ会,市川市,千葉県市川市東国分1-21-22,1270800384,35.7424803,139.9235794
市川,居宅介護支援(CM),2.72,False,生活協同組合パルシステム千葉居宅介護支援にじいろぱる市川,生活協同組合パルシステム千葉,市川市,千葉県市川市国府台３丁目２番１６号,1270805201,35.7492654,139.90301109999996
市川,居宅介護支援(CM),2.78,False,アゼリー江戸川　居宅介護支援事業所,社会福祉法人江寿会,江戸川区,東京都江戸川区本一色2-13-25,1372300275,35.719761,139.87309500000003
市川,居宅介護支援(CM),2.82,False,ケアサポート　紡ぐ,合同会社ケアサポート紡ぐ,市川市,千葉県市川市宮久保２－６－５,1270802737,35.73887078974615,139.92929586931152
市川,居宅介護支援(CM),2.91,False,ケア　あんじゅ,合同会社あんじゅ,江戸川区,東京都江戸川区大杉5-20-1,1372308245,35.70882059714793,139.87772209325408
市川,居宅介護支援(CM),2.92,False,居宅介護支援事業所ハートケア京葉,合同会社介護２４ハートケア京葉,市川市,千葉県市川市中国分2-14-9ボンドストリートⅠ202,1270805144,35.750032,139.9121966
市川,居宅介護支援(CM),2.92,False,ケアステーション・ポピー,株式会社ケアステーション・ポピー,市川市,千葉県市川市宮久保1-11-6,1270801739,35.7361396,139.93251209999994
市川,居宅介護支援(CM),2.92,False,瑞江ホームさわやか相談室,社会福祉法人　瑞光会,江戸川区,東京都江戸川区瑞江１丁目３番１３瑞勝ビル２階,1372300119,35.69969828805016,139.89371657235256
市川,居宅介護支援(CM),2.94,False,ケアプラン　すみれ,医療法人社団八心会,市川市,千葉県市川市中国分２－１１－６,1270802059,35.7504902,139.91086889999997
市川,居宅介護支援(CM),3.06,False,癒しのケアプランセンター市川おにだか,株式会社リエイ,市川市,千葉県市川市鬼高1-6-2,1270800434,35.712739899999995,139.9337471
市川,居宅介護支援(CM),3.06,False,ウイング市川,株式会社　ウイング,市川市,千葉県市川市北方1-7-7,1270800608,35.7214809,139.93699000000004
市川,居宅介護支援(CM),3.06,False,ケアセンター長安,社会福祉法人　生光会,江戸川区,東京都江戸川区篠崎町4-5-9長安寮内,1372310373,35.6975637,139.9082469
市川,居宅介護支援(CM),3.06,False,居宅介護支援事業所ほっとホーム,株式会社陽明,江戸川区,東京都江戸川区下篠崎町9-12,1372304889,35.698338338546314,139.91247024512313
市川,居宅介護支援(CM),3.07,False,指定居宅介護支援事業所　せんじゅ,株式会社仙寿,江戸川区,東京都江戸川区北小岩8-21-6仙寿庵206号室,1372307213,35.74843220000002,139.8857233
市川,居宅介護支援(CM),3.09,False,ケアステーションきらら瑞江,スターツケアサービス株式会社,江戸川区,東京都江戸川区南篠崎4-5-3ＩＢＭフィオーレビル１階,1372304368,35.697099599999994,139.90036910000003
市川,居宅介護支援(CM),3.12,False,ケアフィールド　本一色,株式会社ケアフィールド,江戸川区,東京都江戸川区本一色1-20-7,1372305944,35.7180389,139.86979539999993
市川,居宅介護支援(CM),3.14,False,らぽーるケアプランセンター奥戸,合同会社らぽーるケアプランセンター奥戸,葛飾区,東京都葛飾区奥戸４－２３－２３,1372207132,35.7284932,139.86881449999998
市川,居宅介護支援(CM),3.15,False,株式会社　中山総合福祉マネジメント,株式会社中山総合福祉マネジメント,市川市,千葉県市川市北方２丁目１０番１９号,1270800012,35.7231112,139.93811759999994
市川,居宅介護支援(CM),3.19,False,国府台ケアセンター,社会福祉法人　市川朝日会,市川市,千葉県市川市国府台5-25-4,1270800798,35.7535009,139.90281649999997
市川,居宅介護支援(CM),3.24,False,けあまね処すもも弐,合同会社すもも,葛飾区,東京都葛飾区鎌倉4-21-3ハイツフジケン101,1372207942,35.7483739,139.8822708
市川,居宅介護支援(CM),3.25,False,京成ケアサービス曽谷,有限会社　京成ケアサービス,市川市,千葉県市川市曽谷4丁目3番5号103,1270801960,35.7446273,139.92982600000005
市川,居宅介護支援(CM),3.27,False,わだつみケアサービス,株式会社スクーデリア,江戸川区,東京都江戸川区瑞江2-22-5グリーンハウス下鎌田１F‐D室,1372305381,35.6957667745805,139.89781206323244
市川,居宅介護支援(CM),3.27,False,ふれあいプラザラビット瑞江,有限会社ラビット,江戸川区,東京都江戸川区南篠崎町3-9-3京葉鈴木ビル1階,1372310498,35.6956,139.8986831
市川,居宅介護支援(CM),3.33,False,シルバン介護センター・東の森,有限会社シルバン,市川市,千葉県市川市宮久保3-15-15,1270803016,35.73499811062995,139.93800832764734
市川,居宅介護支援(CM),3.37,False,菜の花葛飾居宅介護支援事業所,株式会社　いずみ,葛飾区,東京都葛飾区奥戸9-16-2奥戸石井ビル,1372208312,35.737625700000024,139.8695009
市川,居宅介護支援(CM),3.39,False,株式会社愛和　介護事業本部,株式会社愛和,葛飾区,東京都葛飾区細田4－3－92F,1372200194,35.7416389,139.87196629999994
市川,居宅介護支援(CM),3.41,False,ケアサポート　みそら,鶴八株式会社,市川市,千葉県市川市中国分5-20-16デイサービス真３　施設内,1270806076,35.7550327,139.9094042
市川,居宅介護支援(CM),3.44,False,ケア新小岩居宅介護支援センター,医療法人丸山会,葛飾区,東京都葛飾区東新小岩２－１－１２,1372201564,35.722741,139.8652651
市川,居宅介護支援(CM),3.45,False,うさぎの和,株式会社三田カンパニー,江戸川区,東京都江戸川区中央4-16-3CORE・K2　101,1372305134,35.7119257,139.8685153
市川,居宅介護支援(CM),3.49,False,株式会社共英瑞江営業所,株式会社共英,江戸川区,東京都江戸川区瑞江2-6-11プレステージ2Fシェアオフィス1,1372311389,35.6938845,139.8969017
市川,居宅介護支援(CM),3.52,False,たけのこ介護サービス葛飾,株式会社ライコム・コーポレーション,葛飾区,東京都葛飾区細田3-30-13,1372208940,35.7418398,139.8704093
市川,居宅介護支援(CM),3.54,False,がんちゃんケアステーション,合同会社がんちゃんケアステーション,市川市,千葉県市川市本北方１－３０－１０グランデュール市川七番館２０２号室,1270804519,35.727005,139.9424143
市川,居宅介護支援(CM),3.55,False,江戸川区医師会訪問看護ステーション,一般社団法人江戸川区医師会,江戸川区,東京都江戸川区中央4-24-14,1372300929,35.7099398,139.86852369999997
市川,居宅介護支援(CM),3.56,False,医療法人社団MXPG　SILVERSUPPORTGARDENSもみの木,医療法人社団ＭＸＰＧ,葛飾区,東京都葛飾区細田4-18-7ジュネス細田101号室,1372206092,35.74349309999998,139.87126629999997
市川,居宅介護支援(CM),3.61,False,ここはなケア瑞江,合同会社ｈａｎａｌｅａ,江戸川区,東京都江戸川区東瑞江1-27-5メゾンドコスモ602,1372309268,35.6925655,139.89829380000003
市川,居宅介護支援(CM),3.63,False,有限会社椿ケアステーション,有限会社　椿ケアステーション,江戸川区,東京都江戸川区春江町3-29-12,1372302313,35.6949871,139.88693339999995
市川,居宅介護支援(CM),3.65,False,えだまめケアプラン,合同会社えだまめ,江戸川区,東京都江戸川区南篠崎町2-34-15G・FⅡ105,1372311348,35.6919693,139.9023995
市川,居宅介護支援(CM),3.67,False,医療法人社団　厚生会　栗原医院,医療法人社団厚生会,葛飾区,東京都葛飾区新小岩3-8-1モンシェール103,1372201275,35.71567509999999,139.864185
市川,居宅介護支援(CM),3.68,False,にじいろ介護,株式会社コメット,江戸川区,東京都江戸川区中央４－２５－１６石井ビル２階,1372305415,35.7087482,139.86761279999996
市川,居宅介護支援(CM),3.69,False,コンフォートケアサポートセンター新柴又,株式会社コンフォート,葛飾区,東京都葛飾区柴又5-8-13,1372206571,35.751462399999994,139.87902370000006
市川,居宅介護支援(CM),3.7,True,ケアプランソアレ,株式会社ミント,船橋市,千葉県船橋市本中山4丁目25番3号,1270904053,35.7120768,139.94117319999998
市川,居宅介護支援(CM),3.71,False,ケアプラン　ありのみ,合同会社ＢＥ・ＬＩＥＶＥ,市川市,千葉県市川市宮久保4-29-15,1270806241,35.7407274,139.9393543
市川,居宅介護支援(CM),3.73,False,トーリツ介護支援江戸川,株式会社　トーリツ,江戸川区,東京都江戸川区中央１丁目５番１号藤広ビル2階,1372301448,35.7073568,139.86805720000007
市川,居宅介護支援(CM),3.75,False,新小岩わたなべクリニック居宅介護支援事業所,医療法人社団　靖元会,葛飾区,東京都葛飾区新小岩4-12-52階,1372206837,35.71816764463744,139.8625575011887
市川,居宅介護支援(CM),3.75,False,葛飾区奥戸在宅介護支援センター,社会福祉法人仁生社,葛飾区,東京都葛飾区奥戸３－２５－１,1372200251,35.7321733,139.86277599999994
市川,居宅介護支援(CM),3.79,False,ニチイケアセンターせせらぎ,株式会社ニチイ学館,葛飾区,東京都葛飾区細田2-2-4,1372204667,35.739548400000004,139.8654965
市川,居宅介護支援(CM),3.79,False,かなで,メディカルバイオコーポレーション株式会社,江戸川区,東京都江戸川区松島3-41-102階,1372307544,35.71215540000001,139.8643289
市川,居宅介護支援(CM),3.79,False,ケア・スポット,株式会社ケア・スポット,江戸川区,東京都江戸川区一之江５－１７－７,1372306231,35.69561897204333,139.881592800386
市川,居宅介護支援(CM),3.81,False,なかよしケアサービス,株式会社なかよしケアサービス,葛飾区,東京都葛飾区柴又4-34-21,1372202257,35.75105753725665,139.87624165957592
市川,居宅介護支援(CM),3.82,False,ケアステーション　ハナハナ,株式会社エスアールアイコーポレーション,葛飾区,東京都葛飾区奥戸3-21-2コーポ東海１F,1372207470,35.729743,139.86145399999998
市川,居宅介護支援(CM),3.84,False,いぶき居宅介護支援事業所,株式会社在宅医療サポートセンター,葛飾区,東京都葛飾区細田3-13-39,1372209567,35.7428383,139.8670898
市川,居宅介護支援(CM),3.85,False,しろひげファミリー痛みと幸せに寄りそう介護相談室,医療法人社団しろひげファミリー,江戸川区,東京都江戸川区東瑞江1-38-42庄電ビル1号室,1372310100,35.690311557252286,139.89942845061043
市川,居宅介護支援(CM),3.86,True,有限会社　かりん,有限会社　かりん,船橋市,千葉県船橋市本中山１丁目９番２号,1270904608,35.7166094,139.94489769999996
市川,居宅介護支援(CM),3.86,False,アリス・ケア,株式会社アリス,江戸川区,東京都江戸川区南篠崎町５－２－５,1372305324,35.6903798,139.90886539999997
市川,居宅介護支援(CM),3.87,True,さわやかケア船橋・居宅介護支援,ウエルシアパートナーズ株式会社,船橋市,千葉県船橋市本中山２－１０－１ミレニティ中山４階,1270903543,35.7142949,139.94413940000004
市川,居宅介護支援(CM),3.88,False,アプルーブ居宅介護支援事業所,合同会社Ｍｏｏｎｄｕｓｔ,葛飾区,東京都葛飾区鎌倉3-11-7,1372209344,35.7511594,139.8751869
市川,居宅介護支援(CM),3.89,True,ポピンズ京葉ケアステーション,京葉興業株式会社,船橋市,千葉県船橋市本中山4-8-6,1270904897,35.7093689,139.94197039999997
市川,居宅介護支援(CM),3.95,False,高砂居宅介護支援事業所,社会福祉法人仁生社,葛飾区,東京都葛飾区高砂3丁目２６番１０号,1372206530,35.74840263887291,139.8706597558197
市川,居宅介護支援(CM),3.95,False,居宅介護支援事業所　楓,合同会社楓,江戸川区,東京都江戸川区一之江5-22-4,1372306058,35.6941147,139.88134509999998
市川,居宅介護支援(CM),3.97,True,まいむケアサポート,有限会社まいむ,船橋市,千葉県船橋市本中山1-7-10　キョウエイビル３階,1270902313,35.7157046,139.94585170000005
市川,居宅介護支援(CM),3.97,False,ケアテックＳＨＩＮ-ＫＯＩＷＡ,らいくじょぶかんぱにー株式会社,葛飾区,東京都葛飾区新小岩2-9-1杉山ビル2Ｆ,1372207744,35.7161833,139.86060759999998
市川,居宅介護支援(CM),3.98,False,SILVER　SUPPORT　GARDENS　みつばち,株式会社サンドリーム,葛飾区,東京都葛飾区高砂3－27－13,1372209161,35.748137799999995,139.8699372
市川,居宅介護支援(CM),3.98,False,生活協同組合　パルシステム東京　ケアマネジメントサービス江戸川陽だまり,生活協同組合パルシステム東京,江戸川区,東京都江戸川区松江2-10-18,1372302586,35.6995329,139.87202649999995
市川,居宅介護支援(CM),4.01,False,ひなの里,株式会社藤井環境企画,市川市,千葉県市川市曽谷2-26-13グリーンヒルズ201,1270805557,35.74792500000001,139.93739860000002
市川,居宅介護支援(CM),4.01,False,デイホームゆりの木江戸川,日本エルダリーケアサービス,江戸川区,東京都江戸川区松島1-27-18,1372309813,35.7061623,139.8653326
市川,居宅介護支援(CM),4.02,False,梅の花けあ,株式会社銀のサービス,江戸川区,東京都江戸川区江戸川1-29-22,1372311223,35.6887979,139.9073858
市川,居宅介護支援(CM),4.03,False,社会福祉法人江東園江東園さわやか相談室指定居宅介護支援事業所,社会福祉法人江東園,江戸川区,東京都江戸川区東瑞江1-11-5ラ・ヴェルフルート103号室,1372300135,35.68864609101568,139.89954421174778
市川,居宅介護支援(CM),4.04,True,居宅介護支援事業所ケアチームだん,有限会社アバンセ,船橋市,千葉県船橋市本中山6-9-10-101,1270902487,35.70492380980512,139.94081438049545
市川,居宅介護支援(CM),4.07,False,ニチイケアセンター北国分,株式会社　ニチイ学館,市川市,千葉県市川市堀之内4-10-25,1270800533,35.7599916,139.91585439999994
市川,居宅介護支援(CM),4.08,False,やさしい手新小岩居宅介護支援事業所,株式会社やさしい手,葛飾区,東京都葛飾区新小岩1-40-10リバティーヌ喜久屋2F,1372208478,35.71523460000001,139.8596666
市川,居宅介護支援(CM),4.08,False,ダイバーシティ新小岩,株式会社マロー・サウンズ・カンパニー,葛飾区,東京都葛飾区新小岩1-40-10リバティーヌ喜久屋402号室,1372208395,35.7152346,139.8596666
市川,居宅介護支援(CM),4.08,False,ケアサポート・カシマ,株式会社カシマ,江戸川区,東京都江戸川区松江1-7-4,1372300192,35.7017185,139.86815189999993
市川,居宅介護支援(CM),4.11,False,みやびサポート,みやびサポート株式会社,葛飾区,東京都葛飾区高砂3-22-2,1372204444,35.7492851,139.8691579
市川,居宅介護支援(CM),4.12,True,有限会社グッドケア,有限会社グッドケア,葛飾区,東京都葛飾区東新小岩5丁目19番11号,1372201754,35.7232158,139.8577103
市川,居宅介護支援(CM),4.15,False,居宅介護支援事業所南風,有限会社かどで,葛飾区,東京都葛飾区高砂5-54-4,1372207850,35.7522485,139.87224089999995
市川,居宅介護支援(CM),4.15,False,株式会社ミヤマホームケア指定居宅支援事業所,株式会社ミヤマホームケア,江戸川区,東京都江戸川区東小松川1-9-20,1372309425,35.7011436,139.8677186
市川,居宅介護支援(CM),4.18,False,清心苑さわやか相談室　指定居宅介護支援事業所,社会福祉法人　健修会,江戸川区,東京都江戸川区西一之江4-9-24,1372300168,35.6956196,139.87403470000004
市川,居宅介護支援(CM),4.19,False,ケアプランオアシス高砂,株式会社Ｔ＆Ｉ,葛飾区,東京都葛飾区高砂３丁目16番地３リナハイツ１０１,1372209583,35.75049761389548,139.86931738903692
市川,居宅介護支援(CM),4.2,False,パレットなんでも相談室,ぴさらワークス合同会社,葛飾区,東京都葛飾区高砂３丁目１２−１６ソレイユMOMO１F,1372209179,35.750358299999995,139.86907609999997
市川,居宅介護支援(CM),4.22,False,ソレイユ居宅介護支援事業所,株式会社ライフアシスト,江戸川区,東京都江戸川区一之江3-16-23,1372306819,35.6901681,139.8841228
市川,居宅介護支援(CM),4.23,False,ケアプランのんびり,株式会社のんびりケアサービス,市川市,千葉県市川市関ヶ島13-3第二牧野ﾋﾞﾙ101号,1270804592,35.6884801,139.9173343
市川,居宅介護支援(CM),4.23,False,介護ステーション太陽,有限会社ヒューマンメディケア,葛飾区,東京都葛飾区柴又4-10-5,1372202646,35.756109,139.87666260000003
市川,居宅介護支援(CM),4.27,False,居宅介護支援事業所　あかつき,株式会社曉,葛飾区,東京都葛飾区高砂2-1-26リバーサイドふじ　302,1372206605,35.7462883,139.86407510000004
市川,居宅介護支援(CM),4.27,False,わかるかいご相談センター江戸川,株式会社カンケイ舎,江戸川区,東京都江戸川区東瑞江3丁目17番8号キャッスル瑞江1階,1372303071,35.68645020137252,139.9014519315631
市川,居宅介護支援(CM),4.32,True,すまいるケア,合同会社ナナオ,葛飾区,東京都葛飾区東新小岩7-24-8,1372207504,35.7263286,139.8554565
市川,居宅介護支援(CM),4.33,False,株式会社大起エンゼルヘルプ　葛飾ケアセンター,株式会社大起エンゼルヘルプ,葛飾区,東京都葛飾区高砂2-17-9,1372200012,35.749681729756446,139.86640167729308
市川,居宅介護支援(CM),4.33,False,ケアプランセンター結喜,ＡｒＣ株式会社,葛飾区,東京都葛飾区柴又1-21-10エメラルドマンション第二101,1372209211,35.7547801,139.8726665
市川,居宅介護支援(CM),4.35,False,ゆたか福祉サ－ビス,株式会社Ｈｅａｒｔ＆ｈｅａｒｔ,江戸川区,東京都江戸川区江戸川3-17,1372307833,35.68656588970892,139.89315513602227
市川,居宅介護支援(CM),4.35,False,東京海上日動みずたま介護ＳＴ一之江ケアプランセンター,東京海上日動ベターライフサービス株式会社,江戸川区,東京都江戸川区西一之江3-12-30シンコーポレーションビル2階,1372308765,35.692700599999995,139.875768
市川,居宅介護支援(CM),4.36,False,居宅介護支援事業所ひまわり,株式会社　訪問看護ステーションひまわり,葛飾区,東京都葛飾区高砂5-36-7水戸ビル2階,1372205953,35.751651155669705,139.86812212233735
市川,居宅介護支援(CM),4.36,False,かんな居宅介護支援事業所,株式会社ＮＫムソー,江戸川区,東京都江戸川区松島４－２４－１１,1372308799,35.7109031,139.85818870000003
市川,居宅介護支援(CM),4.39,True,居宅介護支援事業所なないろ,合同会社なないろ,葛飾区,東京都葛飾区西新小岩4-40-20マンションサンエイドA202,1372208593,35.71889430000002,139.8552265
市川,居宅介護支援(CM),4.4,False,さくら支援ステーションかつしか中央,有限会社アイ・ケア企画,葛飾区,東京都葛飾区高砂8-29-17,1372208445,35.75331030688251,139.8694740134918
市川,居宅介護支援(CM),4.41,False,居宅介護支援あいちぐら,有限会社結い,葛飾区,東京都葛飾区高砂８－２５－１２レ・ラバージュ１０５,1372207280,35.7528985,139.86882160000005
市川,居宅介護支援(CM),4.42,False,ケアプラン三矢小台,有限会社メニーケア,松戸市,千葉県松戸市三矢小台2-10-20,1271204081,35.7644076,139.8995969
市川,居宅介護支援(CM),4.44,True,居宅介護支援センター　中山朋松苑,社会福祉法人八千代美香会,船橋市,千葉県船橋市二子町４９２－２６リコーパレス１０２号,1270905258,35.7103325,139.94917250000003
市川,居宅介護支援(CM),4.44,False,ハミングバーズ　ソーシャルサポート研究所,ハミングバーズ　合同会社,葛飾区,東京都葛飾区柴又１－１３－１,1372208650,35.75484,139.8708473
市川,居宅介護支援(CM),4.45,False,ケアプラン　アンダンテ,有限会社アンダンテ,市川市,千葉県市川市北方町4-2341-8,1270802091,35.73106060000002,139.9520104
市川,居宅介護支援(CM),4.45,False,居宅介護支援事業所なでしこ,社会福祉法人馬橋福祉会,松戸市,千葉県松戸市中矢切259-1,1271207829,35.7640048,139.89373320000004
市川,居宅介護支援(CM),4.45,False,袴田ケアサービス,有限会社袴田ケアサービス,葛飾区,東京都葛飾区柴又7-5-32シャトー山田101,1372202398,35.758230999999995,139.8762736
市川,居宅介護支援(CM),4.47,False,日本リック居宅介護支援小松川事業所,日本リック株式会社,江戸川区,東京都江戸川区西小松川町20-5ＴＫビル6階,1372309359,35.701683666183776,139.8627709774127
市川,居宅介護支援(CM),4.52,False,ダイバーシティ一之江,株式会社マロー・サウンズ・カンパニー,江戸川区,東京都江戸川区一之江4-1-27,1372306181,35.68808844399499,139.8818264367707
市川,居宅介護支援(CM),4.53,False,ケアプランおんぷ,合同会社音色,市川市,千葉県市川市稲越1-19-6ウッドサイド市川207,1270806225,35.75934399999999,139.92983520000004
市川,居宅介護支援(CM),4.55,True,トーリツ介護支援　葛飾,株式会社トーリツ,葛飾区,東京都葛飾区東新小岩7-2-12,1372200178,35.72372960000002,139.85295240000005
市川,居宅介護支援(CM),4.57,False,居宅介護支援　グレースフルライフ,株式会社グレースフルライフ,葛飾区,東京都葛飾区高砂8-20-5第2吉田ビル101,1372305878,35.75457141428284,139.86848184531004
市川,居宅介護支援(CM),4.58,True,栗の木ケアプラン,有限会社　栗の木,市川市,千葉県市川市若宮3-30-5,1270801861,35.7264133,139.95405489999996
市川,居宅介護支援(CM),4.6,False,大野中央居宅介護支援事業所,医療法人社団嵐川,市川市,千葉県市川市下貝塚3-31-2,1270801101,35.73879245481665,139.95128699447744
市川,居宅介護支援(CM),4.61,False,介護のパムコ東松戸,日本パムコ株式会社,松戸市,千葉県松戸市高塚新田494-13,1271206631,35.75732586040261,139.93494339134068
市川,居宅介護支援(CM),4.61,False,在宅総合支援センターせせらぎ,医療法人社団自靖会,江戸川区,東京都江戸川区東小松川2丁目7番1号,1372302784,35.69795476307078,139.8643770295187
市川,居宅介護支援(CM),4.62,True,エスポワール市川居宅介護支援事業所,医療法人社団寿光会,市川市,千葉県市川市高谷3-1-20,1270804360,35.6973694,139.9417763
市川,居宅介護支援(CM),4.64,True,タカサケアサポート市川,株式会社タカサ,市川市,千葉県市川市若宮３－３１－５タカサ薬局市川若宮店内,1270802141,35.7267299,139.9546438
市川,居宅介護支援(CM),4.65,False,セントケア葛飾,セントケア東京株式会社,葛飾区,東京都葛飾区高砂5-10-5シルバーハイツ高砂1Ｆ,1367199003,35.7519765,139.86412199999995
市川,居宅介護支援(CM),4.66,False,ケアセンターじゅえん,ヒロ株式会社,松戸市,千葉県松戸市三矢小台3-9-10,1271209510,35.7665565,139.8997286
市川,居宅介護支援(CM),4.67,False,セントケア市川,セントケア千葉株式会社,市川市,千葉県市川市行徳駅前2－20‐9ﾗｸﾞﾅﾊﾟｰｸ102,1270802075,35.68342410000002,139.9123912
市川,居宅介護支援(CM),4.68,False,ケアルート,clueファクトリー株式会社,江戸川区,東京都江戸川区東小松川2-17-16ｻﾝﾊｲﾂ101,1372308864,35.69584864496678,139.8657020117655
市川,居宅介護支援(CM),4.69,False,いやさかケア,株式会社弥栄,市川市,千葉県市川市大野町1丁目460番5メゾンドサンシャイン203号室,1270806217,35.748017,139.9466929
市川,居宅介護支援(CM),4.7,False,照沼整骨院介護サービス,有限会社照沼,市川市,千葉県市川市塩焼2-2-47,1270801978,35.6865636,139.92542819999994
市川,居宅介護支援(CM),4.7,False,ケアプランぞうさん市川大野,W　hospitality株式会社,市川市,千葉県市川市南大野1-1-26,1270805870,35.739511400000005,139.9521306
市川,居宅介護支援(CM),4.71,False,ケアアドバイス,合同会社ノーサイド,市川市,千葉県市川市大野町一丁目482番地17,1270805862,35.7492086,139.94592180000004
市川,居宅介護支援(CM),4.74,False,特定非営利活動法人コミュニティやすらぎ,特定非営利活動法人コミュニティやすらぎ,市川市,千葉県市川市南大野2丁目20番4号　山室ハイツ103山室ハイツ103,1270800988,35.7452321,139.94936659999996
市川,居宅介護支援(CM),4.76,False,ケアリッツプラン行徳,株式会社ケアリッツ・アンド・パートナーズ,市川市,千葉県市川市行徳駅前1-17-8フラッグK･K-2A,1270804634,35.683168514505965,139.91562346600836
市川,居宅介護支援(CM),4.76,False,介護支援きらら,株式会社大煌,松戸市,千葉県松戸市小山819-2,1271206540,35.7674920665716,139.8993896475567
市川,居宅介護支援(CM),4.76,True,ケアサポートオフィス　リム,株式会社Ｌｉｍ,葛飾区,東京都葛飾区西新小岩4-3-16,1372209294,35.71983920000001,139.85093739999996
市川,居宅介護支援(CM),4.77,False,松峰苑居宅介護支援事業所,社会福祉法人松峰会,松戸市,千葉県松戸市高塚新田字背上488番9,1271208132,35.760883,139.931964
市川,居宅介護支援(CM),4.78,False,のぞみ会居宅介護支援事業所,医療法人社団のぞみ会,松戸市,千葉県松戸市高塚新田269,1271207241,35.755923781494246,139.93986658079706
市川,居宅介護支援(CM),4.78,False,野口株式会社　ハーティケア　江戸川,野口株式会社,江戸川区,東京都江戸川区松江7-3-7,1372308575,35.69017289999999,139.87197119999996
市川,居宅介護支援(CM),4.79,False,ＳＳＵ介護サービス,特定非営利活動法人　生きがいと助けあい　ＳＳＵ市川,市川市,千葉県市川市塩焼2丁目11番14号,1270801788,35.6864358,139.9275169
市川,居宅介護支援(CM),4.81,False,ダイバーシティ行徳,株式会社マロー・サウンズ・カンパニー,市川市,千葉県市川市行徳駅前2-16-5第一,1270805102,35.682316855896595,139.9132859030777
市川,居宅介護支援(CM),4.81,True,アーチ介護立石,アーチ介護株式会社,葛飾区,東京都葛飾区立石8-19-5,1372205078,35.741741700000006,139.85430399999996
市川,居宅介護支援(CM),4.82,False,サンシルバー市川居宅介護支援事業所,医療法人静和会,市川市,千葉県市川市北方町4丁目1460,1270801747,35.7380866,139.95407679999994
市川,居宅介護支援(CM),4.82,False,ヒルズケア居宅介護支援事業所,ヒルズケア合同会社,葛飾区,東京都葛飾区柴又3-1-1,1372206431,35.75892667223244,139.8704199063006
市川,居宅介護支援(CM),4.82,True,ＳＩＬＶＥＲ　ＳＵＰＰＯＲＴ　あろはな,合同会社　Ｎ’ｓ・company,葛飾区,東京都葛飾区青戸2-7-1,1372208007,35.7467383,139.857259
市川,居宅介護支援(CM),4.82,False,船堀ホームナースにじ居宅支援,合同会社Ｇｒｏｗ,江戸川区,東京都江戸川区一之江8-8-2Qスクエア1F,1372309144,35.68484079999998,139.88246400000003
市川,居宅介護支援(CM),4.85,False,介護のえん,株式会社ＴＭ企画,市川市,千葉県市川市香取1-1-16,1270806167,35.6812811,139.9062408
市川,居宅介護支援(CM),4.9,False,聖隷ケアプランセンター松戸,社会福祉法人聖隷福祉事業団,松戸市,千葉県松戸市高塚新田１２８－８,1271202051,35.7544955,139.94345780000003
市川,居宅介護支援(CM),4.91,True,居宅介護支援事業所ソラスト葛飾,株式会社ソラスト,葛飾区,東京都葛飾区青戸6-4-23高野クリニックビル３Ｆ,1372202729,35.74763523183952,139.85679678290387
市川,居宅介護支援(CM),4.91,True,ケアプランセンターsala,合同会社Ｊ．ｃｏｎｎｅｃｔ,葛飾区,東京都葛飾区青戸3-37-6サザンビル302号室,1372209591,35.7458818,139.8554565
市川,居宅介護支援(CM),4.93,True,むつみケアプランセンター,株式会社総和,葛飾区,東京都葛飾区西新小岩3-15-10,1372208957,35.7201829,139.8489478
市川,居宅介護支援(CM),4.93,False,プリーズ江戸川,株式会社プリーズ,江戸川区,東京都江戸川区一之江8-3-2エムエムビル501,1372311439,35.68399420000001,139.88200249999997
市川,居宅介護支援(CM),4.94,True,ＳＯＭＰＯケア　葛飾　居宅介護支援,ＳＯＭＰＯケア株式会社,葛飾区,東京都葛飾区青戸3－33－14サンプラザビル5階,1372208064,35.746569080255874,139.85555898664563
市川,居宅介護支援(CM),4.96,False,ケアプランセンターフォレスト行徳,株式会社フォレスト,市川市,千葉県市川市行徳駅前2-25-15もみじ店舗２Ｆ,1270803909,35.68090388764093,139.91329340792296
市川,居宅介護支援(CM),4.96,True,ダイバーシティ西船橋,株式会社マロー・サウンズ・カンパニー,船橋市,千葉県船橋市本郷町452番地アミカル高橋801号室,1270910456,35.708034100000035,139.95424570000003
市川,居宅介護支援(CM),4.96,False,居宅介護支援事業所　ソラスト二十世紀が丘,株式会社ソラスト,松戸市,千葉県松戸市三矢小台5-4-1,1271205575,35.7694152,139.90317159999995
市川,居宅介護支援(CM),4.98,False,あおぞらケアセンター柴又,株式会社青空,葛飾区,東京都葛飾区柴又3-6-18,1372204006,35.7613334,139.8714599
市川,居宅介護支援(CM),5.02,True,ケアプランセンター北方邸,株式会社パソナライフケア,市川市,千葉県市川市北方町4-2019-31,1270805300,35.7332761,139.95788500000003
市川,居宅介護支援(CM),5.02,True,ケアプランオアシス,株式会社Ｔ＆Ｉ,葛飾区,東京都葛飾区立石６－３３－８青砥ハイツ１０２,1372205474,35.7429999,139.85235409999996
市川,居宅介護支援(CM),5.04,True,ケアプランかすみ草,ジプソフィリア合同会社,船橋市,千葉県船橋市本郷町421‐2大塚ビル205,1270910225,35.7075468,139.9549142
市川,居宅介護支援(CM),5.04,False,居宅介護支援事業所ほのぼの,株式会社ほのぼの,葛飾区,東京都葛飾区柴又三丁目４番１４号2階,1372203248,35.761075199999986,139.86987950000002
市川,居宅介護支援(CM),5.04,False,居宅介護支援事業所　ソラスト船堀,株式会社ソラスト,江戸川区,東京都江戸川区松江5-12-14,1372308203,35.68887289999999,139.86922149999998
市川,居宅介護支援(CM),5.06,False,トータルケアあやめ,有限会社あやめ,松戸市,松戸市高塚新田１１５－７７,1271203547,35.7581341,139.9414759
市川,居宅介護支援(CM),5.06,True,タウンケア居宅介護支援事業所,株式会社マイルストーン,葛飾区,東京都葛飾区立石６－２７－４,1372204972,35.74436640000002,139.8527318
市川,居宅介護支援(CM),5.07,True,ケアプランふくろう,特定非営利活動法人ケアマネジメント研究所ふくろう,船橋市,千葉県船橋市葛飾町２－３８４－３矢島第一ビル５０３号室,1270901125,35.70721059999999,139.95510820000004
市川,居宅介護支援(CM),5.1,True,すずうら指定居宅介護支援事業所,社会福祉法人清遊の家,葛飾区,東京都葛飾区西新小岩　3-37-27,1372202299,35.7227462,139.846817
市川,居宅介護支援(CM),5.13,True,ケアプラン銀木犀＜市川＞,株式会社シルバーウッド,市川市,千葉県市川市北方町4-1876銀木犀＜市川＞,1270803453,35.729567447407035,139.9598007220901
市川,居宅介護支援(CM),5.14,False,株式会社　ケアプランいちご,株式会社ケアプランいちご,市川市,千葉県市川市南大野２－３C-801　市川パークハイツ,1270805961,35.745190699999995,139.9543801
市川,居宅介護支援(CM),5.16,False,ゆうケアサービス,ゆうケアサービス株式会社,市川市,千葉県市川市大野町1丁目70-1,1270802620,35.7465106,139.95384050000007
市川,居宅介護支援(CM),5.16,True,アスモ介護サービス千葉,株式会社アスモ介護サービス,船橋市,千葉県船橋市西船4-19-11パストラル西船　503号室,1270907387,35.708982500000005,139.95700799999997
市川,居宅介護支援(CM),5.17,True,ケアサポートかつしか,社会福祉法人すこやか福祉会,葛飾区,東京都葛飾区東立石2-12-61階,1372204840,35.73395330000002,139.8471583
市川,居宅介護支援(CM),5.18,False,あくあ居宅介護支援事業所,株式会社Ｓｉｇｎ,市川市,千葉県市川市南大野3-14-3,1270804915,35.7471105,139.95363210000005
市川,居宅介護支援(CM),5.18,False,ともいきケア一之江,株式会社ともいきケア,江戸川区,東京都江戸川区一之江7-66-1イーストイン1階,1372310043,35.683354600000015,139.8770432
市川,居宅介護支援(CM),5.2,False,ケア・スポットかんどり,株式会社ケア・スポット,市川市,千葉県市川市香取2-9-11,1270805821,35.6781913,139.9085124
市川,居宅介護支援(CM),5.21,True,指定居宅介護支援事業所　リハビリケアかつしか,医療法人社団協友会,葛飾区,東京都葛飾区西新小岩３－３７－８,1372205763,35.7224907,139.84566440000003
市川,居宅介護支援(CM),5.22,False,さらんケアセンター行徳,イノマ株式会社,市川市,千葉県市川市宝1-15-6,1270806159,35.6819859,139.9271213
市川,居宅介護支援(CM),5.24,True,ホワイト市川ケアプランセンター,社会福祉法人　市川会,市川市,千葉県市川市高谷1854,1270800079,35.692082,139.94510949999994
市川,居宅介護支援(CM),5.24,True,佐々木ケアサービス株式会社　在宅介護事業部　葛飾営業所,佐々木ケアサービス株式会社,葛飾区,東京都葛飾区立石４－３０－１１,1372200905,35.7408946,139.84875469999997
市川,居宅介護支援(CM),5.27,False,介護老人保健施設　ハートケア市川,医療法人社団哺育会,市川市,千葉県市川市奉免町５９－２,1252780039,35.7433054,139.95702919999997
市川,居宅介護支援(CM),5.28,False,居宅介護支援事業所　葛飾敬寿園,社会福祉法人敬寿会,葛飾区,東京都葛飾区新宿3-19-19,1372203867,35.759881,139.86389110000007
市川,居宅介護支援(CM),5.3,True,居宅介護支援事業所　みどり,株式会社メディハート,葛飾区,東京都葛飾区立石4-34-13アンモリオビル202,1372207256,35.7417861,139.84841299999994
市川,居宅介護支援(CM),5.31,True,プラスワン居宅介護支援事業所,合同会社プラスワン,葛飾区,東京都葛飾区立石1-10-5田中ビル401号,1372206761,35.7377644,139.84671070000002
市川,居宅介護支援(CM),5.36,True,わかばケアセンター立石,株式会社わかばケアセンター,葛飾区,東京都葛飾区立石3-31-8,1372209138,35.7380228,139.8461886
市川,居宅介護支援(CM),5.4,True,さわやかケア立石・居宅介護支援,東電パートナーズ株式会社,葛飾区,東京都葛飾区立石1-9-6,1372203560,35.7376089,139.84558300000003
市川,居宅介護支援(CM),5.42,True,オンリー・ワン,株式会社ｏｎｌｙｏｎｅ,葛飾区,東京都葛飾区東立石3-13-8サニービル2F,1372203206,35.7363729,139.8450193
市川,居宅介護支援(CM),5.43,False,ライフアドバンスセノバいちかわ,株式会社セノバ,市川市,千葉県市川市南大野3-3-13,1270800731,35.746578479917964,139.9571412192184
市川,居宅介護支援(CM),5.45,True,ベストケア　かつしか,有限会社せき介護サービス,葛飾区,東京都葛飾区青戸５丁目８番１４号　小島ビル1F小島ビル１F,1372202117,35.751365500000006,139.85255640000003
市川,居宅介護支援(CM),5.45,False,金町中央居宅介護支援事業所,医療法人社団玲瓏会,葛飾区,東京都葛飾区金町1-9-1,1372208262,35.763210099999995,139.8657965
市川,居宅介護支援(CM),5.47,True,セコム船橋訪問看護ステーション居宅介護支援事業所,セコム医療システム株式会社,船橋市,千葉県船橋市西船４-１１-１０第５田中ビル２０２,1270903709,35.70867690000001,139.96060370000004
市川,居宅介護支援(CM),5.47,True,ケアサービスきりん青砥,株式会社リガード,葛飾区,東京都葛飾区青戸4-21-6,1372205193,35.748591490705046,139.85031958836066
市川,居宅介護支援(CM),5.48,False,居宅介護支援事業所　あい夢,あい夢合同会社,葛飾区,東京都葛飾区金町3-17-13,1372205896,35.767843600000006,139.87367619999998
市川,居宅介護支援(CM),5.49,True,愛のえぷろんケアセンター,株式会社アカオ,葛飾区,東京都葛飾区青戸4丁目25番12号,1372201705,35.75120450000001,139.85194580000004
市川,居宅介護支援(CM),5.49,True,ケア２１　小松川,株式会社ケア２１,江戸川区,東京都江戸川区平井1-8-3ヴェルジェ堀内1階,1372307536,35.702860136542874,139.8488115040323
市川,居宅介護支援(CM),5.5,False,クラフト・ケア,株式会社エスアンドシー,葛飾区,東京都葛飾区金町3-6-5青木ビル301号,1372207462,35.76717897856131,139.871941826849
市川,居宅介護支援(CM),5.51,False,居宅介護支援事業所ポピー,合同会社ポピー,江戸川区,東京都江戸川区西瑞江五丁目7番地,1372309235,35.67882093133967,139.88067496459612
市川,居宅介護支援(CM),5.55,False,株式会社ケアテックHIRAI,株式会社ケアテック,江戸川区,東京都江戸川区小松川3-9-1リバーウエストA館108,1372307007,35.698528093649145,139.85106149577027
市川,居宅介護支援(CM),5.55,True,株式会社フラワ－居宅介護支援事業所,株式会社フラワー居宅介護支援事業所,江戸川区,東京都江戸川区平井1-9-6　T@K第一ビル201T＆K第一ビル201,1372305571,35.701669900000006,139.84886789999996
市川,居宅介護支援(CM),5.56,False,ケアプランセンターつばめ,合同会社つばめ,松戸市,千葉県松戸市松戸2266-7メゾンドアイ102,1271209189,35.7747463,139.9064009
市川,居宅介護支援(CM),5.56,False,はなケアセンター　小松川店,株式会社はな,江戸川区,東京都江戸川区小松川三丁目74番2101,1372305217,35.6997692,139.8500392999999
市川,居宅介護支援(CM),5.57,True,永仁サービスケアプラン,株式会社　永仁サービス,江戸川区,東京都江戸川区平井４－１－１９,1372300010,35.704019359614,139.84717800429917
市川,居宅介護支援(CM),5.58,False,やさしい手葛飾居宅介護支援事業所,株式会社やさしい手,葛飾区,東京都葛飾区金町6-10-1ベルハイツ1F,1372200020,35.7685065,139.87303729999996
市川,居宅介護支援(CM),5.59,True,葛飾区医師会指定居宅介護支援事業所,一般社団法人　葛飾区医師会,葛飾区,東京都葛飾区立石６－８－１４パークアベニュー１階,1372200079,35.746219,139.8473083
市川,居宅介護支援(CM),5.59,False,医療法人社団森山医会　森山ケアセンター　居宅介護支援事業所江戸川,社会医療法人社団森山医会,江戸川区,東京都江戸川区江戸川5丁目4番23,1372305555,35.6771240796592,139.88376757286073
市川,居宅介護支援(CM),5.61,False,指定居宅介護支援事業所　あいあい松戸,アイ・ケア株式会社,松戸市,千葉県松戸市松戸896-3,1271202721,35.7747645,139.91147909999995
市川,居宅介護支援(CM),5.62,False,らくだ,株式会社らくだ,松戸市,千葉県松戸市秋山3-16-2,1271204735,35.7672881,139.93700519999993
市川,居宅介護支援(CM),5.62,True,ル・ソラリオン葛飾,社会福祉法人敬仁会,葛飾区,東京都葛飾区青戸４-１６-７,1372203875,35.7509461,139.85007889999997
市川,居宅介護支援(CM),5.63,False,妙樹介護支援センター,有限会社　ＩＮＣ,松戸市,千葉県松戸市小山407-5,1271204404,35.7741701,139.88934169999993
市川,居宅介護支援(CM),5.63,True,タカハシ,株式会社タカハシ,葛飾区,東京都葛飾区青戸4-12-15,1372207694,35.7505045,139.84952899999996
市川,居宅介護支援(CM),5.63,True,Reむすびケア,株式会社Reむすびケア,江戸川区,東京都江戸川区平井4-13-13内藤ビル101号室,1372310993,35.707543500000014,139.8447091
市川,居宅介護支援(CM),5.66,False,ケアプラン　ゆうこう,医療法人友康会,市川市,千葉県市川市日之出17-9アルテ1F101,1270800103,35.676161300000025,139.9217466
市川,居宅介護支援(CM),5.66,True,くすの木訪問看護ステーション,医療法人社団東京育明会,江戸川区,東京都江戸川区平井2-24-16東京育明会ビル２階,1372303998,35.70376135851109,139.84622815648348
市川,居宅介護支援(CM),5.67,True,五幸ケアサービス,株式会社五幸トータルサービス,江戸川区,東京都江戸川区平井4-9-9板垣ビル2階,1372309771,35.7060593,139.84483820000003
市川,居宅介護支援(CM),5.69,False,い・ろ・は介護相談ルーム,合同会社TIKメソッド,市川市,千葉県市川市南行徳1-5-17アルビオーレ南行徳103,1270805946,35.6736255,139.9060706
市川,居宅介護支援(CM),5.69,False,ふくろう居宅介護支援センター亀有,医療法人社団福寿会,葛飾区,東京都葛飾区新宿4-2-23階,1372209443,35.7615813,139.8595376
市川,居宅介護支援(CM),5.7,False,ヘルパーステーション末広,有限会社スマイル企画,葛飾区,東京都葛飾区金町4-2-6プレヴェール金町1階,1372202695,35.7643804,139.86323530000004
市川,居宅介護支援(CM),5.71,True,ケアセンター恵,株式会社　レジオン,葛飾区,東京都葛飾区青戸8-1-19第十三アサヒハイツ105,1372205557,35.7546345,139.8517812
市川,居宅介護支援(CM),5.71,True,立石介護支援センター　ペンギン,医療法人社団　直和会,葛飾区,東京都葛飾区立石5-9-26ケアガーデンＩＳＨＩＤＡ１階,1372207488,35.7426665,139.84401619999994
市川,居宅介護支援(CM),5.71,True,東四つ木介護サポートセンター,厚生福祉会,葛飾区,東京都葛飾区東四つ木４－４４－２－１０１,1372202315,35.734706400000015,139.8412032
市川,居宅介護支援(CM),5.74,True,ニチイケアセンター船橋行田,株式会社　ニチイ学館,船橋市,千葉県船橋市行田3-14-1,1270903493,35.7205168,139.96667379999997
市川,居宅介護支援(CM),5.81,True,きらら介護サービス亀有,株式会社グッドスタッフ,葛飾区,東京都葛飾区青戸８－９－１６,1372205102,35.7562343,139.85183389999997
市川,居宅介護支援(CM),5.83,False,しろひげ想い出がいっぱい介護相談室,医療法人社団しろひげファミリー,江戸川区,東京都江戸川区江戸川5-16-115１階,1372311207,35.6755967,139.88086430000004
市川,居宅介護支援(CM),5.84,True,ケアプランセンターまごころ,有限会社三愛薬局,葛飾区,東京都葛飾区立石2-18-5,1372206324,35.7383615,139.84085300000004
市川,居宅介護支援(CM),5.85,False,太陽と緑の家　居宅介護支援事業所,社会福祉法人松涛会,市川市,千葉県市川市大野町３－１７２３メゾンルミエール１F,1270803149,35.756437120486126,139.95509739368356
市川,居宅介護支援(CM),5.86,False,居宅介護支援事業所はーと,株式会社　ウッディ,葛飾区,東京都葛飾区東金町1-38-6宇羽野ビル5階,1372205391,35.77092031590522,139.87189965445327
市川,居宅介護支援(CM),5.87,False,親愛の丘ケアプランセンター,社会福祉法人親愛会,松戸市,千葉県松戸市和名ケ谷1258番地1,1271207043,35.7751701,139.92265610000004
市川,居宅介護支援(CM),5.87,False,あさひ介護センター,有限会社あさひ介護センター,葛飾区,東京都葛飾区東金町3-19-6本山ビル1F,1372204121,35.771432,139.87283720000005
市川,居宅介護支援(CM),5.87,True,リアンケアプラニング,合同会社莉安,江戸川区,東京都江戸川区平井3-23-5桜コーポ３０１号室,1372310001,35.70452190000002,139.84321799999998
市川,居宅介護支援(CM),5.88,False,株式会社　共英,株式会社共英,江戸川区,東京都江戸川区江戸川5-16-51,1372301547,35.6752808,139.88053220000006
市川,居宅介護支援(CM),5.89,False,わかるかいご相談センター市川,株式会社カンケイ舎,市川市,千葉県市川市南行徳1-18-21高橋ビル2階,1270805904,35.6717828,139.9024047
市川,居宅介護支援(CM),5.91,False,ＳＯＭＰＯケア金町　居宅介護支援,ＳＯＭＰＯケア株式会社,葛飾区,東京都葛飾区東金町1-20-15市野ビル4階,1372208056,35.7699684,139.8687681
市川,居宅介護支援(CM),5.91,False,けいあいライフ,合同会社K.Iワールド,江戸川区,東京都江戸川区江戸川５丁目２１－１クロス江戸川２０５,1372310548,35.674725,139.8813039
市川,居宅介護支援(CM),5.91,False,スマイリー居宅介護支援事業所,Ｓｍｉｌｅｙ株式会社,江戸川区,東京都江戸川区船堀2-15-17ドウエル船堀202,1372311264,35.683706000000015,139.861806
市川,居宅介護支援(CM),5.92,False,特定非営利活動法人はなみずき,特定非営利活動法人はなみずき,江戸川区,東京都江戸川区船堀3-4-8101,1372303949,35.6822039,139.86395549999995
市川,居宅介護支援(CM),5.93,True,SOMPOケア立石居宅介護支援,SOMPOケア株式会社,葛飾区,東京都葛飾区立石2-16-3ラヴィーレレジデンス立石,1372207652,35.73941656988265,139.8401443692505
市川,居宅介護支援(CM),5.93,False,老人保健施設ヴィット　介護相談部,医療法人社団善千会,江戸川区,東京都江戸川区船堀３－１０－７,1372300978,35.6816263,139.86477760000002
市川,居宅介護支援(CM),5.94,False,株式会社　愛ネット,株式会社　愛ネット,市川市,千葉県市川市福栄３－２０－８,1270800871,35.67164,139.91037989999995
市川,居宅介護支援(CM),5.94,False,ひなたぼっこ在宅介護サービス,株式会社マルワメディカルサービス,葛飾区,東京都葛飾区東金町1-36金町駅前団地2号棟1階,1372200392,35.77133289999999,139.87104630000002
市川,居宅介護支援(CM),5.95,False,ふれあい葛飾営業所,有限会社ふれあい,葛飾区,東京都葛飾区東金町1-25-4フラワーハイツ1階,1372208098,35.7706304,139.8693782
市川,居宅介護支援(CM),5.95,False,エフ・ティー介護サービス,株式会社エフ・ティー介護サービス,葛飾区,東京都葛飾区東金町一丁目３６番１号１１０,1372200277,35.7707794,139.8696235
市川,居宅介護支援(CM),5.96,True,有限会社　佐護シルバーケアーサービス,有限会社佐護シルバーケアサービス,葛飾区,東京都葛飾区亀有2-77-6,1372200095,35.7601506,139.8536613
市川,居宅介護支援(CM),5.97,True,ウェルフォース居宅介護支援事業所,株式会社ウェルフォース,葛飾区,東京都葛飾区白鳥2-10-7ル・ヴァンヴェール白鳥,1372208296,35.7485599,139.8440082
市川,居宅介護支援(CM),5.97,False,ラック金町,株式会社ラックコーポレーション,葛飾区,東京都葛飾区東金町1-36-2号棟102,1372204170,35.7714987,139.87065959999995
市川,居宅介護支援(CM),5.97,False,アースサポート江戸川,アースサポート株式会社,江戸川区,東京都江戸川区船堀6丁目4番8号,1372302438,35.6799905,139.86695810000003
市川,居宅介護支援(CM),5.98,False,三愛指定居宅介護支援事業所,社会福祉法人　三愛,市川市,千葉県市川市柏井町3-650,1270801945,35.7457441,139.964287
市川,居宅介護支援(CM),5.98,True,お花茶屋ロイヤルケアセンター居宅介護支援事業所,医療法人社団明芳会,葛飾区,東京都葛飾区四つ木5-19-7,1372207017,35.74346900573807,139.84118007804446
市川,居宅介護支援(CM),5.99,False,ナチュラルライフサポート,有限会社ナチュラルライフサポート,市川市,千葉県市川市福栄4-9-1-104ﾄｰｺｰﾏﾝｼｮﾝﾝ,1270801762,35.671204,139.91035769999996
市川,居宅介護支援(CM),5.99,False,居宅介護支援事業所ぽかぽか,株式会社Ｌｉｃｈｔｗｅｇ,松戸市,千葉県松戸市松戸1074-2ヒルサイドコート松戸405,1271209577,35.778622899999995,139.902442
市川,居宅介護支援(CM),6.0,True,あおぞらケアセンター亀有,青空有限会社,葛飾区,東京都葛飾区白鳥4-22-10エステルハイツ１階,1372202026,35.756102299999995,139.84922729999997
市川,居宅介護支援(CM),6.0,False,あしたも笑顔訪問看護ステーション,シンビオシス株式会社,葛飾区,東京都葛飾区新宿５－７－２０ー１Fリバーサイド新宿1F,1372207199,35.76519459999998,139.859209
市川,居宅介護支援(CM),6.01,False,ケアステーションきらら船堀,スターツケアサービス株式会社,江戸川区,東京都江戸川区船堀3-14-10ゆらら船堀,1372305506,35.6801369,139.86580690000005
市川,居宅介護支援(CM),6.01,True,たけのこ介護サービス　平井,株式会社　ライコム・コーポレーション,江戸川区,東京都江戸川区平井5-10-7サンセイハイツ1-B,1372307502,35.70634504161419,139.84068864994103
市川,居宅介護支援(CM),6.02,False,ルポゼ東松戸居宅介護支援事業所,医療法人社団寿光会,松戸市,千葉県松戸市東松戸3-15-16,1271206862,35.77002400000001,139.9400299
市川,居宅介護支援(CM),6.03,True,居宅介護サービス　アイビー,株式会社アイビー,葛飾区,東京都葛飾区立石2-7-11ウィステリヤ立石102,1372205458,35.7381717,139.8385136
市川,居宅介護支援(CM),6.03,True,ラック平井,株式会社ラックコーポレーション,江戸川区,東京都江戸川区平井3-13-10,1372301026,35.704081,139.84162679999997
市川,居宅介護支援(CM),6.04,False,市川あさひ荘ケアセンター,社会福祉法人市川朝日会,市川市,千葉県市川市大町537,1270800046,35.7606561,139.95354010000003
市川,居宅介護支援(CM),6.05,True,實現居宅介護,實現合同会社,江戸川区,東京都江戸川区平井5-11-5203号,1372310431,35.70656519999999,139.84016480000005
市川,居宅介護支援(CM),6.05,True,心音居宅介護支援事業所,医療法人社団圭信会,江戸川区,東京都江戸川区平井3-10-12平井町ビル１階,1372309441,35.7042893,139.84126850000007
市川,居宅介護支援(CM),6.09,False,あおぞら介護サービス,有限会社大千,江戸川区,東京都江戸川区船堀６－１１－９,1372302222,35.6788517,139.8666303
市川,居宅介護支援(CM),6.11,True,居宅介護支援事業所「ほりきり」,東京葛飾医療生活協同組合,葛飾区,東京都葛飾区白鳥2-3-6,1372200327,35.7498211,139.84309359999995
市川,居宅介護支援(CM),6.11,False,アイシェアー船堀,有限会社　ベアーヴァレイ,江戸川区,東京都江戸川区船堀2-18-7グランビュー船堀　101号室,1372302925,35.68216360000001,139.8606355
市川,居宅介護支援(CM),6.12,False,東松戸ヒルズ居宅介護支援センター,社会福祉法人陽光会,松戸市,千葉県松戸市紙敷1065-4,1271207563,35.77163983986216,139.93890180033873
市川,居宅介護支援(CM),6.14,False,アフェクション南行徳　居宅介護支援事業所,合同会社フェア・アフェクション,市川市,市川市南行徳3－14－24,1270802554,35.66962860000001,139.90176549999998
市川,居宅介護支援(CM),6.14,False,東京城東病院附属居宅介護支援センター,独立行政法人地域医療機能推進機構,江東区,東京都江東区亀戸９丁目13-1,1370800557,35.6952155,139.8459348
市川,居宅介護支援(CM),6.14,False,居宅介護支援事業所　すみれ,有限会社在宅支援　Ｒｅｓｅａｒｃｈ＆Ｐｒａｃｔｉｃｅ,葛飾区,東京都葛飾区東金町7-5-8ロイヤルクレセント602号,1372203727,35.7766756,139.88002830000005
市川,居宅介護支援(CM),6.15,True,ピースアイランド,有限会社ピースアイランド,江戸川区,東京都江戸川区平井7丁目10番8号,1372301539,35.716241,139.83596009999997
市川,居宅介護支援(CM),6.15,False,ケア・スポットふなぼり,株式会社　ケア・スポット,江戸川区,東京都江戸川区江戸川6-22-3三角ロイヤルハイツ401,1372309516,35.6759385,139.87148279999997
市川,居宅介護支援(CM),6.17,True,レビー・ケア株式会社「レビー船橋」,レビー・ケア株式会社,船橋市,千葉県船橋市上山町1-157-1レビー船橋,1270900721,35.7278657,139.97160099999996
市川,居宅介護支援(CM),6.18,False,居宅介護支援センターみらい,株式会社ベールヘルツ,松戸市,千葉県松戸市松戸新田３０番地,1271201533,35.7793612,139.91644240000005
市川,居宅介護支援(CM),6.18,True,あい居宅介護支援事業所,Heart合同会社,葛飾区,東京都葛飾区宝町2－30－9山田ビル101,1372208601,35.74515529222628,139.8396319325409
市川,居宅介護支援(CM),6.19,False,ケアプランさくら松戸,医療法人社団洗心,松戸市,千葉県松戸市和名ヶ谷664-1,1271209619,35.7752612,139.9321657
市川,居宅介護支援(CM),6.19,False,居宅介護支援事業所アイカーサ東松戸,株式会社アイメディケア,松戸市,千葉県松戸市東松戸2-19-1アイカーサ東松戸１Ｆ,1271206433,35.7690631,139.94482949999997
市川,居宅介護支援(CM),6.19,True,ウィズ・ユー葛飾居宅介護支援,株式会社春,葛飾区,東京都葛飾区お花茶屋1-20-5,1372207884,35.7480325,139.84099390000006
市川,居宅介護支援(CM),6.19,False,金町ケアマネステーション立夏,合同会社立夏,葛飾区,東京都葛飾区金町5-14-4豊栄ビル２０１,1372208239,35.774150799999994,139.87149980000004
市川,居宅介護支援(CM),6.22,False,こといち居宅介護支援事業所,合同会社こといち,江戸川区,東京都江戸川区小松川一丁目５番２号トニワンショッピングセンター１階,1372307650,35.6890052,139.8502955
市川,居宅介護支援(CM),6.23,False,プレミア東松戸居宅介護支援事業所,社会福祉法人白寿会,松戸市,千葉県松戸市紙敷297番地の2,1271207654,35.77078229999999,139.94281849999993
市川,居宅介護支援(CM),6.25,False,有限会社　ヘルスケアサービスゆいまーる松戸,有限会社ヘルスケアサービス,松戸市,千葉県松戸市松戸1129番地1ニューパウリスタビル2Ｆ,1271200121,35.7809483,139.9014376
市川,居宅介護支援(CM),6.28,False,はっぱよろず相談室,合同会社リーフチャイルド,浦安市,千葉県浦安市北栄2-24-2-704パルコート浦安ベルジュール,1273201507,35.6684281,139.8986001
市川,居宅介護支援(CM),6.28,False,ライフケアＣｏＣｏＷａ金町,グローバルサービス株式会社,葛飾区,東京都葛飾区東金町２－２６－３エスペラントハイツ・１０５号室,1372207835,35.77438852288812,139.87010576931152
市川,居宅介護支援(CM),6.33,True,おもてなしの心,合同会社おもてなしの心,葛飾区,東京都葛飾区亀有2-64-13,1372208197,35.7623281,139.85054739999998
市川,居宅介護支援(CM),6.34,False,株式会社かなまち介護センター,株式会社かなまち介護センター,葛飾区,東京都葛飾区東金町5-15-11丸竹マンション102号室,1372204394,35.777370399999995,139.875994
市川,居宅介護支援(CM),6.34,False,蜂輪,合同会社蜂輪,江戸川区,東京都江戸川区中葛西2-7-12LuxurySUNLAKE108号室,1372306272,35.67289114844354,139.87434798302002
市川,居宅介護支援(CM),6.35,True,介護保険相談所　櫻舞,株式会社櫻舞,葛飾区,東京都葛飾区亀有１－２２－２２,1372205573,35.7588506,139.846812
市川,居宅介護支援(CM),6.36,False,眞栄接骨院居宅介護支援事務所,合同会社眞栄接骨院居宅介護支援事務所,市川市,千葉県市川市南行徳３－４－１３美添店舗C号室,1270804493,35.6676155,139.9055194
市川,居宅介護支援(CM),6.43,False,Runケア居宅介護支援事業所,株式会社Ｒｕｎケア,松戸市,千葉県松戸市東松戸四丁目8-6102号　YASUIビル第9,1271209544,35.77376850860202,139.94124427936765
市川,居宅介護支援(CM),6.43,False,株式会社　平和ライフケアサービス,株式会社平和ライフケアサービス,浦安市,千葉県　浦安市　当代島　１－５－１ラッフィナート１０１,1273200020,35.66755972941298,139.89311552922211
市川,居宅介護支援(CM),6.48,False,ニチイケアセンター浦安,株式会社ニチイ学館,浦安市,千葉県浦安市当代島1-1-23林ビル4F,1273200095,35.667118500000015,139.8929329
市川,居宅介護支援(CM),6.52,False,ケア・スポットかさい,株式会社ケア・スポット,江戸川区,東京都江戸川区中葛西2-20-11スズナカビル　2階,1372311512,35.6708476,139.8750543
市川,居宅介護支援(CM),6.53,False,東京海上日動みずたま介護ＳＴ浦安ケアプランセンター,東京海上日動ベターライフサービス株式会社,浦安市,千葉県浦安市当代島1-3-29アイエムビル4F,1273201226,35.66672504107974,139.89285049476635
市川,居宅介護支援(CM),6.54,False,居宅介護支援事業所くによし,株式会社ケアエクスプレス都葦,江戸川区,東京都江戸川区宇喜田町1311-1ファミール宇喜田101号室,1372311090,35.6752921,139.8641468
市川,居宅介護支援(CM),6.56,True,オリーブ居宅介護支援事業所　亀有,有限会社ケアシス,葛飾区,東京都葛飾区亀有3-16-151階,1372201960,35.7635417,139.84854489999998
市川,居宅介護支援(CM),6.56,True,ルピナス,株式会社ルピナス,葛飾区,東京都　葛飾区　亀有　１－２６－２４ムーンマリコ５－１０５,1372205623,35.761728,139.8466896
市川,居宅介護支援(CM),6.58,True,ケアプランこはく,合同会社ｋｏｈａｋｕ,葛飾区,東京都葛飾区亀有3-16-2セトビル204,1372209559,35.7635838,139.8482889
市川,居宅介護支援(CM),6.61,True,ケアプランセンター藤原,社会福祉法人千葉県福祉援護会,船橋市,千葉県船橋市藤原３－２－１５西部福祉会館１階,1270909714,35.73478253894702,139.975525775872
市川,居宅介護支援(CM),6.61,False,テルウェル東日本　東京中央ケアプランセンタ,テルウェル東日本株式会社,江戸川区,東京都江戸川区東葛西2-5-1川上ビル３F,1370201418,35.669992911963234,139.87499817993034
市川,居宅介護支援(CM),6.64,False,SOMPOケア浦安　居宅介護支援,ＳＯＭＰＯケア株式会社,浦安市,千葉県浦安市当代島1-1-11フォーレストビル３階,1273201606,35.6658413,139.8918924
市川,居宅介護支援(CM),6.7,False,リボン輝ケアプランセンター,有限会社総合リハビリ研究所,浦安市,千葉県浦安市北栄3－9－13貴富ビル　2Ｆ,1273201101,35.664575859164366,139.90045213582914
市川,居宅介護支援(CM),6.72,False,やわらぎの郷,社会福祉法人幸志会,市川市,千葉県市川市大町438-2,1270803297,35.7658361,139.957984
市川,居宅介護支援(CM),6.72,True,AI居宅介護支援事業所,株式会社ＡＩ,葛飾区,東京都葛飾区亀有３－２－５ラ・プリエ１０３,1372208510,35.7638271,139.8464285
市川,居宅介護支援(CM),6.75,False,ひかり居宅介護支援事業所松戸,メディカルホットライン株式会社,松戸市,千葉県松戸市本町11-2本町P・Ｕビル３階,1271209916,35.7853079,139.896995
市川,居宅介護支援(CM),6.76,False,グレースケア市川居宅介護支援事業所,医療法人社団泰正会,市川市,千葉県市川市大町43－3,1270802588,35.7698161,139.95358420000002
市川,居宅介護支援(CM),6.79,True,ケア21亀有ケアプランセンター,株式会社ケア２１,葛飾区,東京都葛飾区亀有5-46-6浮貝ビル一階,1372209252,35.7677276,139.8498576
市川,居宅介護支援(CM),6.83,False,ケアプランゆいちご,株式会社ＬＡＧＯＭ,三郷市,埼玉県三郷市高州3-458-2ﾛｲﾔﾙｼｬﾄﾚｰ1F,1171202029,35.7834388,139.8808282
市川,居宅介護支援(CM),6.86,True,せりえ居宅介護支援事業所,株式会社ＳＭＢ,江東区,東京都江東区亀戸7‐14‐7,1370804708,35.69806749999999,139.8348331
市川,居宅介護支援(CM),6.9,True,りふりケアプランセンター,シグニフィ株式会社,葛飾区,東京都葛飾区亀有４－４０－６田中ビル1階,1372209302,35.7652173,139.8453089
市川,居宅介護支援(CM),6.92,False,あおぞらケアセンター水元,株式会社　青空,葛飾区,東京都葛飾区東水元1-8-11デシマルビル202,1372207546,35.77985304130275,139.86763264629366
市川,居宅介護支援(CM),6.95,True,おひさまケア,株式会社おひさまケア,江東区,東京都江東区大島７－４－１５コーポサニー五十嵐１０１,1370805085,35.69070879714132,139.8387568478504
市川,居宅介護支援(CM),6.96,True,サンライフケア大島ステーション,株式会社サンライフ,江東区,東京都江東区大島7-8-3,1370806455,35.6921226529084,139.83760995887815
市川,居宅介護支援(CM),6.97,False,暖心苑さわやか相談室　指定居宅介護支援事業所,社会福祉法人　東京清音会,江戸川区,東京都江戸川区北葛西4-3-16,1372300077,35.6715329,139.86253350000004
市川,居宅介護支援(CM),6.98,False,南花園ケアプランセンター,社会福祉法人　貴陽福祉会,松戸市,千葉県松戸市河原塚102-8,1271200295,35.78074795139145,139.93836853589858
市川,居宅介護支援(CM),7.01,False,アイノテケアマネ事務所,合同会社アイノテ,浦安市,千葉県浦安市猫実4-12-25,1273200913,35.662207242784454,139.89439319850317
市川,居宅介護支援(CM),7.03,False,リンク居宅介護支援センター,株式会社ライフコアネット,市川市,千葉県市川市塩浜4-2-3-109,1270801077,35.6621105,139.91346610000005
市川,居宅介護支援(CM),7.03,True,介護ショップハーティケア亀戸店,野口株式会社,江東区,東京都江東区亀戸7-51-3グローバルK２F,1370807214,35.69473490000004,139.8348381
市川,居宅介護支援(CM),7.03,False,ラック葛西,株式会社ラックコーポレーション,江戸川区,東京都江戸川区中葛西4-9-18i・eビル2階,1372304053,35.6682337,139.86851379999996
市川,居宅介護支援(CM),7.05,False,清山荘居宅介護支援事業所,社会福祉法人慶美会,市川市,千葉県市川市柏井町４丁目３１４番地,1270800020,35.7527323,139.9733999
市川,居宅介護支援(CM),7.07,True,株式会社仁済　ケアプランセンター江東,株式会社　仁済,江東区,東京都江東区大島6-27-10イナバビル101,1370806711,35.690745620027855,139.8371109291262
市川,居宅介護支援(CM),7.07,False,居宅介護支援事業所　ゆう,株式会社ＣＯＵＺＥ,江戸川区,東京都江戸川区東葛西5-53-4アミティエ東葛西101,1372309789,35.663877300000024,139.88101770000003
市川,居宅介護支援(CM),7.08,True,はなケアセンター,株式会社はな,江東区,東京都江東区大島5-47-13104,1370803353,35.68959577861749,139.8379400564835
市川,居宅介護支援(CM),7.08,True,アオアクア　居宅介護支援センター　江東,株式会社　アオアクア,江東区,東京都江東区大島5-47-9ヴェラハイツ大島704,1370805382,35.6897605,139.83781520000002
市川,居宅介護支援(CM),7.09,False,ナーシングホーム市川,社会福祉法人　慶美会,市川市,千葉県市川市柏井町４丁目３１０番地特別養護老人ホーム「ナーシングホーム市川」内,1270800038,35.753764700108135,139.9733323434082
市川,居宅介護支援(CM),7.09,False,癒しの森　居宅介護支援事業所,株式会社癒しの森,葛飾区,東京都葛飾区南水元１－１１－７,1372201796,35.7761734,139.85684649999996
市川,居宅介護支援(CM),7.11,False,ケアプラン風鈴草,合同会社風鈴草,松戸市,千葉県松戸市河原塚241-20,1271207621,35.780007898445035,139.94296896112974
市川,居宅介護支援(CM),7.12,False,ふれあいプラザラビット浦安,有限会社ラビット,浦安市,千葉県浦安市北栄4丁目２０番１０号,1273201291,35.660762158499026,139.90168221349174
市川,居宅介護支援(CM),7.14,False,ぺこら居宅介護支援事業所,株式会社Ｗａｒｍ　ｒｅｌａｔｉｏｎｓｈｉｐ,江戸川区,東京都江戸川区北葛西2-11-37KKRESIDENCE101,1372311561,35.672753494140785,139.85693609629516
市川,居宅介護支援(CM),7.17,True,さくら支援ステーションかめあり歯科,株式会社　訪問歯科サポート,葛飾区,東京都葛飾区亀有5-5-6武藤コーポ202,1372208999,35.7671377,139.8433195
市川,居宅介護支援(CM),7.19,True,医療法人社団　成仁医院,医療法人社団成仁,足立区,東京都足立区中川4-2-14,1372100451,35.769718600000004,139.84594190000007
市川,居宅介護支援(CM),7.22,True,カインドハート居宅介護支援事業所,株式会社カインドハート,江東区,東京都江東区大島5丁目44番6号ライオンズマンション大島313号,1370806513,35.6891225,139.8364567
市川,居宅介護支援(CM),7.22,False,あっぷるケアプラン江戸川,株式会社日本サービスセンター,江戸川区,東京都　江戸川区　東葛西　五丁目　14番　6号カサイNSビル705号室,1372301471,35.664007832621444,139.87529907095436
市川,居宅介護支援(CM),7.23,False,ケアプラン一休,有限会社　インワード・ハピネス,松戸市,千葉県松戸市南花島3-59-10,1271205997,35.7894266,139.91224499999998
市川,居宅介護支援(CM),7.25,False,ニチイケアセンター稔台,株式会社　ニチイ学館,松戸市,千葉県松戸市稔台2-1-17,1271200048,35.7859081,139.9312549
市川,居宅介護支援(CM),7.26,False,ケア２１　松戸みのり台,株式会社ケア２１,松戸市,千葉県松戸市稔台2-1-1稔台ハイツ103,1271208793,35.786105106819086,139.9308572407617
市川,居宅介護支援(CM),7.26,False,ケアサービスひまわり,医療法人社団希和会,江戸川区,東京都江戸川区東葛西5-1-4篠原ビル3階.B,1372306629,35.66414723957264,139.87346647679897
市川,居宅介護支援(CM),7.28,False,介護相談室・かすみ葛西,合同会社霞海喜,江戸川区,東京都江戸川区東葛西5-1-2第二吉田ビル　703号室,1372311371,35.6639377,139.8734602
市川,居宅介護支援(CM),7.29,False,虹の丘ケアセンター,有限会社　虹の丘ケアセンタ－,江戸川区,東京都江戸川区西葛西4-2-47西葛西スカイハイツ902号室,1372305258,35.66884700000001,139.8612614
市川,居宅介護支援(CM),7.31,False,たくみケア,株式会社リ・ライフ,松戸市,千葉県松戸市竹ヶ花７４－１６松戸商事ビル２Ｆ,1271204479,35.79056610000001,139.9042094
市川,居宅介護支援(CM),7.33,False,ありあけ介護サービス居宅介護支援事業所,株式会社ありあけ介護サービス,松戸市,千葉県松戸市中和倉144-1第二サニーハイツ202,1271206599,35.78973220000002,139.91695290000007
市川,居宅介護支援(CM),7.33,False,東京愛育苑居宅介護支援センター,社会福祉法人東京愛育苑,葛飾区,東京都葛飾区水元3-13-2,1372203552,35.7822974,139.86348220000002
市川,居宅介護支援(CM),7.35,True,ケアステーションきらら大島,スターツケアサービス株式会社,江東区,東京都江東区大島5-38-8ベルフィオーレ１F,1370804443,35.6874308,139.8361225
市川,居宅介護支援(CM),7.38,False,ケアプランみのり台,特定非営利活動法人全国生活支援機構,松戸市,千葉県松戸市河原塚35-9,1271208272,35.784376300000005,139.9392631
市川,居宅介護支援(CM),7.4,False,有限会社サン介護センター,有限会社サン介護センター,江東区,東京都江東区東砂一丁目６番５号,1370800045,35.681753,139.84079640000004
市川,居宅介護支援(CM),7.4,False,スマイルワンケア,スマイルワンケア,江戸川区,東京都江戸川区中葛西4-3-14エムケー葛西1階,1372310290,35.6655672,139.8659155
市川,居宅介護支援(CM),7.41,False,ケアステーション明星,有限会社　ちいきのわ,松戸市,千葉県松戸市稔台１－１３－１３,1271206763,35.7877633,139.93014649999998
市川,居宅介護支援(CM),7.41,True,居宅介護支援きづきケア,株式会社　エイチ-デザイナーズ,足立区,東京都足立区東和２－１４－２遠藤ビル１０２,1372111490,35.7689436,139.84177850000003
市川,居宅介護支援(CM),7.42,False,あきら第2居宅介護支援事業所,医療法人財団松圓会,松戸市,千葉県松戸市樋野口822番地,1271200907,35.791057,139.8932436
市川,居宅介護支援(CM),7.46,True,株式会社大起エンゼルヘルプ足立ケアセンター,株式会社大起エンゼルヘルプ,足立区,東京都足立区東和2-26-15ハイクレスト海老原No.3,1372100642,35.7702018,139.8424811
市川,居宅介護支援(CM),7.52,False,かねこ整骨院ケアサポート,合同会社　ソレイユ,浦安市,千葉県浦安市猫実2-2-6ロイヤルガーデン浦安リバーサイド101,1273200905,35.6572841,139.8985358
市川,居宅介護支援(CM),7.53,False,ケアフォーライフ居宅介護支援事業所,株式会社ケアフォーライフ,松戸市,千葉県松戸市松戸新田575-26トキワ店舗２階,1271209635,35.7890791,139.9293865
市川,居宅介護支援(CM),7.54,False,ふれあいネットまつどケアステーション,認定特定非営利活動法人たすけあいの会ふれあいネットまつど,松戸市,千葉県松戸市松戸新田433-35,1271201160,35.789884440155674,139.92680536707456
市川,居宅介護支援(CM),7.55,False,ダイバーシティ葛西,株式会社マロー・サウンズ・カンパニー,江戸川区,東京都江戸川区東葛西6-44-13マンション・コイムⅡ402号室,1372309524,35.6594269,139.8808662
市川,居宅介護支援(CM),7.57,False,ふれあいプラザラビット,有限会社ラビット,江戸川区,東京都江戸川区西葛西三丁目22番15号,1372301372,35.6668444,139.85929780000004
市川,居宅介護支援(CM),7.59,False,かすみ介護相談室,合同会社　霞海喜,江戸川区,東京都江戸川区東葛西9-11-9ラ・フォーレ1-206,1372309367,35.65836410000004,139.88412880000004
市川,居宅介護支援(CM),7.62,False,水元在宅介護支援センター　居宅介護支援事業所,社会福祉法人　仁生社,葛飾区,東京都葛飾区西水元4－5－1,1372200236,35.7835445,139.85977130000003
市川,居宅介護支援(CM),7.63,False,ウェルズ・ケアマネジメント,一般社団法人ウェルフェア,松戸市,千葉県松戸市上本郷2551-1,1271204503,35.792012181504056,139.92014012209015
市川,居宅介護支援(CM),7.63,False,エール,合同会社エール,江戸川区,東京都江戸川区中葛西5-40-8ドゥエル三ツ橋201,1372310209,35.6609385,139.8722315
市川,居宅介護支援(CM),7.65,False,いろは居宅介護支援事業所,株式会社いろは,葛飾区,東京都葛飾区水元1-1-9アレーズ水元201,1372208627,35.7802138440948,139.85306757790988
市川,居宅介護支援(CM),7.69,False,セーフティーケアサービス,有限会社エムエスシー,葛飾区,東京都葛飾区水元-25-8メゾンヌーボ水元Ⅱ　209,1372207066,35.784867199999994,139.861126
市川,居宅介護支援(CM),7.7,False,ケアプラン銀木犀　東砂,株式会社シルバーウッド,江東区,東京都江東区東砂4-18-1,1370805663,35.6780646,139.8403048
市川,居宅介護支援(CM),7.7,False,アオアクア　居宅介護支援センター　西葛西,株式会社アオアクア,江戸川区,東京都江戸川区西葛西6-22-18京葉鈴木ﾋﾞﾙ2階,1372309003,35.66394210000001,139.86250329999996
市川,居宅介護支援(CM),7.71,True,ヴェルフ藤原居宅介護支援事業所,社会福祉法人千葉県福祉援護会,船橋市,千葉県船橋市藤原8-17-2,1270900234,35.7503938,139.9826605000001
市川,居宅介護支援(CM),7.71,False,居宅介護支援事業所たけのこ,合同会社竹乃,葛飾区,東京都葛飾区西水元1-15-5302,1372207595,35.78010519970242,139.85187131901435
市川,居宅介護支援(CM),7.77,False,有限会社しんみケアーセンター,有限会社しんみケアーセンター,江戸川区,東京都江戸川区西葛西6-15-20305,1372300242,35.6640503,139.86075059999996
市川,居宅介護支援(CM),7.81,False,ダイバーシティ浦安,株式会社マロー・サウンズ・カンパニー,浦安市,千葉県浦安市堀江1-11-1プラザ岡本202号,1273201184,35.65465280000003,139.8979316
市川,居宅介護支援(CM),7.81,False,ケアマネジメントエンジョイ,特定非営利活動法人エンジョイ,浦安市,千葉県浦安市海楽1-11-5-102ハイツロベリア,1273201473,35.65453167681372,139.90323224047546
市川,居宅介護支援(CM),7.81,True,セツルメント診療所,医療法人財団ひこばえ会,足立区,東京都足立区東和4-22-15ミレニアムコート101,1372100261,35.7747928,139.8424560999999
市川,居宅介護支援(CM),7.82,False,ケアプランセンター松友,有限会社アルファメディカル,松戸市,千葉県松戸市日暮３－７－１グレースピア弐番館１０２,1271207282,35.78957264563275,139.93703382209014
市川,居宅介護支援(CM),7.87,False,一般社団法人幸樹会あんず居宅介護支援事業所,一般社団法人　幸樹会,松戸市,千葉県松戸市河原塚411-1,1271207456,35.78660614881162,139.94572061310575
市川,居宅介護支援(CM),7.88,True,すこやかプラン,株式会社すこやか,江東区,東京都江東区北砂５丁目20番11101号,1370801332,35.68284134283752,139.83297082408143
市川,居宅介護支援(CM),7.88,False,わかばケアセンター大谷田,株式会社わかばケアセンター,足立区,東京都足立区大谷田1－1－2103,1372103455,35.777167800000015,139.844421
市川,居宅介護支援(CM),7.92,False,きぼう居宅介護支援事業所,株式会社ハピネスケア,足立区,東京都足立区大谷田1－4－7ロイヤルエクセレンス小川102,1372113819,35.7782959,139.8453289
市川,居宅介護支援(CM),7.92,False,株式会社ノイエすみれケアセンター,株式会社ノイエ,江戸川区,東京都江戸川区中葛西８ー23－5第2宇田川ﾋﾞﾙ204,1372300820,35.6581279329149,139.8724506729427
市川,居宅介護支援(CM),7.95,False,ケア２１　砂町,株式会社ケア２１,江東区,東京都江東区東砂4-14-13-1,1370804823,35.675652927106555,139.83943042562146
市川,訪問看護,0.61,False,いちかわ訪問看護ステーション,社会医療法人社団千葉県勤労者医療協会,市川市,千葉県市川市大洲4-10-21市川市民診療所2階,1262790020,35.7218004,139.90896710000004
市川,訪問看護,0.69,False,セコム市川南訪問看護ステーション,セコム医療システム株式会社,市川市,千葉県市川市新田4-5-17プラスワンビル１階,1262790566,35.7279028,139.9099728
市川,訪問看護,0.84,False,リリー市川訪問看護ステーション,みずほヘルスケアパートナーズ合同会社,市川市,千葉県市川市新田5-15-2,1262790715,35.7278996,139.9117478
市川,訪問看護,0.94,False,訪問看護ステーションTHENEXT市川,株式会社Ｎ‐ＳＴＥＰ,市川市,千葉県市川市新田2-11-17パレドール和弘No2-303,1262790673,35.7245014,139.9137593
市川,訪問看護,1.44,False,KAZOKUナースステーション,合同会社ジャパン自立支援センター,江戸川区,東京都江戸川区南小岩2丁目10-10,1362390773,35.724128410074215,139.88736297301637
市川,訪問看護,1.5,False,おおわだ佐多クリニック,医療法人社団康友会,市川市,千葉県市川市大和田3-25-8,1212716124,35.7156876,139.91560579999998
市川,訪問看護,1.53,False,Reo訪問看護ステーション,Ｒｅｏ株式会社,市川市,千葉県市川市市川4-7-7押賀マンション303,1262790640,35.73856950000002,139.90313309999996
市川,訪問看護,1.7,False,フェアウィズ訪問看護ステーション,株式会社Ｗａｒｍ　ｒｅｌａｔｉｏｎｓｈｉｐ,江戸川区,東京都江戸川区東小岩6ｰ21ｰ5,1362390757,35.7350139,139.8893467
市川,訪問看護,1.72,False,えそら訪問看護ステーション,株式会社e-sola,江戸川区,東京都江戸川区北小岩3-13-10アズ小岩レジデンス2階,1362390427,35.7370258972469,139.8915707319975
市川,訪問看護,1.75,False,訪問看護リハビリステーション　　東京ケアメディカル,株式会社　ウメザワ,江戸川区,東京都江戸川区西篠崎２－７－３０,1362390120,35.71022565771364,139.89588210003055
市川,訪問看護,1.82,False,かのん訪問看護ステーションえどがわ,株式会社双泉メディカルサポート,江戸川区,東京都江戸川区南小岩7-2-6,1362390492,35.726107421171605,139.88325824047547
市川,訪問看護,1.95,False,訪問看護ステーションデューン市川,株式会社Ｎ・フィールド,市川市,千葉県市川市南八幡5丁目11-18八幡実業ビル2階,1262790335,35.719462,139.92390509999996
市川,訪問看護,1.96,False,訪問看護ステーション泰山,社会福祉法人　白秋会,江戸川区,東京都江戸川区北小岩5-34-10特別養護老人ホーム泰山１階,1362390054,35.73968863529794,139.89164431037295
市川,訪問看護,1.98,False,リハビリ訪問看護ステーション　ＨＩＲＯ’Ｓ,日本医療地域連携支援合同会社,江戸川区,東京都江戸川区南小岩5丁目17-20三好屋南小岩ビル405,1362390799,35.7268483,139.8815634
市川,訪問看護,2.01,False,東京歯科大学すがの訪問看護ステーション,学校法人東京歯科大学,市川市,千葉県市川市菅野5-11-13,1262790418,35.734631769477964,139.92199637605745
市川,訪問看護,2.02,False,SOU訪問看護ステーション市川,ＳＯＵシニアケア株式会社,市川市,千葉県市川市南八幡5－1－4田中ビル6階,1262790681,35.7211696,139.92527
市川,訪問看護,2.06,False,てとめ　訪問看護ステーション　江戸川,株式会社Te&Me,江戸川区,東京都江戸川区南小岩6-28-14杉本ビル3F,1362390831,35.7299383,139.8813484
市川,訪問看護,2.07,False,江戸川病院訪問看護ステーション・マックスライフ,社会福祉法人　仁生社,江戸川区,東京都江戸川区東松本2丁目14番12号,1367194541,35.72025348910712,139.88101555753326
市川,訪問看護,2.18,False,訪問看護ステーションひかり,株式会社メディハート,江戸川区,東京都江戸川区西小岩1-29-5アスパイアレジデンス102号室,1362390880,35.735335200000016,139.8829895
市川,訪問看護,2.2,False,訪問看護ステーションMSC千葉市川,株式会社ＭＳＣ,市川市,千葉県市川市南八幡三丁目14-17billaina404号,1262790699,35.7180386,139.9262062
市川,訪問看護,2.23,False,医療法人社団ゆい　訪問看護ステーションゆい,医療法人社団ゆい,江戸川区,東京都江戸川区西小岩1-21-23ゆいビル2階,1362390393,35.7341851551416,139.88141859629513
市川,訪問看護,2.25,False,スターク訪問看護ステーション小岩,ＳｔａｒＱケア株式会社,江戸川区,東京都江戸川区西小岩1-22‐1小岩東総ハイツ2階,1362390526,35.732676273560315,139.880366284332
市川,訪問看護,2.26,False,訪問看護ステーションはな小岩,株式会社はな,江戸川区,東京都江戸川区西小岩1-23-5コムーネ101,1362390567,35.7334387,139.88058820000003
市川,訪問看護,2.27,False,訪問看護リハビリステーションホームケア本八幡,ホームケア株式会社,市川市,千葉県市川市南八幡3-5-15401,1262790327,35.720406200000006,139.92782409999998
市川,訪問看護,2.33,False,あすてるカンゴ八幡,アステルサポート株式会社,市川市,千葉県市川市八幡3-29-20秋葉ビル205,1262790624,35.72609970000002,139.92912020000003
市川,訪問看護,2.34,False,訪問看護ステーションにじ,株式会社和,市川市,千葉県市川市南八幡3-8-14,1262790541,35.719185019012365,139.92831590919266
市川,訪問看護,2.37,False,セコム市川訪問看護ステーション,セコム医療システム株式会社,市川市,千葉県市川市南八幡3-3-16アグレ本八幡201号,1262790111,35.71995600000002,139.92888100000005
市川,訪問看護,2.52,False,ドットライフ小岩（訪問看護・リハビリ）,株式会社ドットライン,江戸川区,東京都江戸川区西小岩一丁目9番地16,1362390971,35.7328187,139.8772173
市川,訪問看護,2.57,False,訪問看護ステーション　えにしや,合同会社醫鍼伊﨑,江戸川区,東京都江戸川区北小岩６－３２－１２森田ハウス１０１,1362390872,35.74309660000001,139.8859899
市川,訪問看護,2.61,False,つばさ訪問看護ステーション,医療法人社団芳英会,市川市,千葉県市川市曽谷6丁目3番1号,1262790236,35.7391142,139.92628209999998
市川,訪問看護,2.67,False,すてっぷ訪問看護ステーションみもざ,株式会社Ｌｉｆｅ　Ｇｒａｆｆｉｔｉ,館山市,千葉県館山市八幡535,1263690146,35.7239425,139.9328454
市川,訪問看護,2.68,False,訪問看護ステーションヴァクト,合同会社アーチザン,江戸川区,東京都江戸川区北小岩6丁目40-5エンゼルハイム201,1362390930,35.7444926,139.8861778
市川,訪問看護,2.79,False,リニエ訪問看護ステーション江戸川,株式会社リニエＲ,江戸川区,東京都江戸川区西小岩3-6-152F,1362390674,35.734553,139.8747769
市川,訪問看護,2.83,False,医療法人社団城東桐和会　タムス訪問看護ステーション江戸川,医療法人社団城東桐和会,江戸川区,東京都江戸川区東篠崎１－１１－１,1362390187,35.7015289,139.91612009999994
市川,訪問看護,2.92,False,医心館訪問看護ステーション瑞江,株式会社アンビス,江戸川区,東京都江戸川区南篠崎町四丁目17番1号,1362390724,35.6988857,139.9085735
市川,訪問看護,2.94,False,訪問看護ステーションすみれ,医療法人社団八心会,市川市,千葉県市川市中国分２－１１－６,1262790160,35.7504902,139.91086889999997
市川,訪問看護,2.99,False,もっち訪問看護ステーション,ＢＩＧ　ＵＰ株式会社,江戸川区,東京都江戸川区南篠崎町4-9-8エスポアール瑞江201号室,1362390740,35.698114100000005,139.8994897
市川,訪問看護,3.01,False,訪問看護ステーションすばる,株式会社ひかり,市川市,千葉県市川市宮久保２丁目１６番１８号,1262790590,35.7383831,139.9321273
市川,訪問看護,3.07,False,せんじゅ訪問看護,株式会社仙寿,江戸川区,東京都江戸川区北小岩8-21-6仙寿庵202,1362390336,35.74839789999999,139.8857367
市川,訪問看護,3.1,False,訪問看護ステーション遥風,株式会社ハルカ,江戸川区,東京都江戸川区南篠崎町4-5-13クレストハシモト1F,1362390708,35.6970135,139.9005993
市川,訪問看護,3.11,False,カーサ訪問看護リハビリステーション江戸川,株式会社ヘルスウェルコネクト,江戸川区,東京都江戸川区春江町２丁目３８番地２号,1362390856,35.6982997,139.8921925
市川,訪問看護,3.18,False,たていし内科,,市川市,千葉県市川市北方２－５－１２,1212714335,35.725222,139.93855359999998
市川,訪問看護,3.27,False,城東訪問看護ステーションみずえ,有限会社ラビット,江戸川区,東京都江戸川区南篠崎町3－9－3鈴木ビル　1階,1362390666,35.695613451759705,139.89858455871345
市川,訪問看護,3.31,False,訪問看護ステーションえどがわ,株式会社ＩＷＡＳＡＫＩ,江戸川区,東京都江戸川区南篠崎町1丁目23-6ナーシングホームみなみしのざき,1362390849,35.695206366185914,139.90752397116395
市川,訪問看護,3.45,False,トーリツ訪問看護ステーション　江戸川,株式会社トーリツ,江戸川区,東京都江戸川区中央2-4-18,1367194087,35.70710851026166,139.87194103865366
市川,訪問看護,3.45,False,おひさまナースステーション,株式会社ハートワーカー,江戸川区,東京都江戸川区西一之江二丁目30番23号,1362390435,35.6993252,139.88149769999995
市川,訪問看護,3.46,False,なの花訪問看護ステーション,株式会社あしたば介護サービス,江戸川区,東京都江戸川区南篠崎町2-37-3TM店舗1F,1362390476,35.69370830928256,139.90098835991057
市川,訪問看護,3.54,False,医社）MXPGレッツ訪問看護ステーション,医療法人社団ＭＸＰＧ,葛飾区,東京都葛飾区細田4-18-3エクセルハイム細田103,1362290189,35.743262561233394,139.87138473834534
市川,訪問看護,3.55,False,訪問看護ステーションなのは,Ｔ－イノベーション合同会社,市川市,千葉県市川市曽谷2-12-3105,1262790384,35.74501209999998,139.93379420000002
市川,訪問看護,3.55,False,江戸川区医師会訪問看護ステーション,一般社団法人江戸川区医師会,江戸川区,東京都江戸川区中央4-24-14,1367194566,35.7099398,139.86852369999997
市川,訪問看護,3.61,False,アリカ訪問看護ステーション瑞江,有限会社アオキドラッグ,江戸川区,東京都江戸川区東瑞江1-29-3クレインヨシヌマハイツ401号,1362390781,35.69254659999999,139.8986959
市川,訪問看護,3.62,False,24訪問看護ステーション南篠崎,２４かんご株式会社,江戸川区,東京都江戸川区南篠崎町5丁目10-4サンライズビル３階,1362390989,35.6923701,139.9068957
市川,訪問看護,3.71,False,FERNA訪問看護ステーション,FERNA合同会社,江戸川区,東京都江戸川区南篠崎町2-7-19101,1362390732,35.69144066991676,139.90138714515982
市川,訪問看護,3.72,False,ウィル訪問看護ステーション江戸川,ＷｙＬ株式会社,江戸川区,東京都江戸川区中央4-11-8アルカディア親水公園ビルB1F,1362390260,35.7102286,139.866224
市川,訪問看護,3.76,False,瑞江訪問看護ステーション,医療法人社団総風会,江戸川区,東京都江戸川区東瑞江1-25-6スウィートヒルズ1F,1367193295,35.691174,139.89841060000003
市川,訪問看護,3.83,False,スマイルプラス訪問看護ステーション,合同会社スマイルバーグ,江戸川区,東京都江戸川区中央1-15-2ハイムジョイフル206,1362390898,35.7035922,139.8699027
市川,訪問看護,3.84,False,いぶき訪問看護ステーション,株式会社在宅医療サポートセンター,葛飾区,東京都葛飾区細田3-13-391階,1362290742,35.74283829999998,139.86708979999997
市川,訪問看護,3.85,False,しろひげファミリー訪問看護ステーション,医療法人社団しろひげファミリー,江戸川区,東京都江戸川区東瑞江1-38-42　庄電ビル1号室,1362390633,35.690329680727345,139.89941537103803
市川,訪問看護,3.89,True,サニー訪問看護ステーション,株式会社バウム,船橋市,千葉県船橋市本中山1-8-16稲川ビル２階,1262890721,35.716614946714685,139.9452199539673
市川,訪問看護,3.94,False,高砂訪問看護ステーション,社会福祉法人仁生社,葛飾区,東京都葛飾区高砂3丁目26番10号,1362290163,35.7484157,139.8707134
市川,訪問看護,3.94,False,東京華仁訪問看護ステーション,東京癒心健康研究所合同会社,葛飾区,東京都葛飾区東新小岩1-9-8太田ビル101,1361790387,35.719404399999995,139.86019459999997
市川,訪問看護,4.17,True,土居内科訪問看護ステーション,合同会社ディーオーアイ,船橋市,千葉県船橋市東中山1-17-12-3土居ビルANNEX,1262891026,35.71359947859669,139.94744853187714
市川,訪問看護,4.18,True,シトロン訪問看護,株式会社シトロン,市川市,千葉県市川市高谷1-4-8エヴァーグリーン市川108,1262790434,35.701694,139.93986369999993
市川,訪問看護,4.18,True,サンウェルズ船橋訪問看護ステーション,株式会社サンウェルズ,船橋市,千葉県船橋市二子町561,1262891166,35.7098048,139.9458024
市川,訪問看護,4.21,False,らいおんハートクリニック押切,らいおんハートクリニック押切,市川市,千葉県市川市押切3-7さとみの郷,1212715522,35.6876743,139.91237249999995
市川,訪問看護,4.26,False,訪問看護ステーション　ナース花きりん船堀,特定非営利活動法人コラボえどがわ,江戸川区,東京都江戸川区松江1-15-11,1362390468,35.698117845804965,139.8694868047852
市川,訪問看護,4.29,True,学研ココファン・ナーシング市川,株式会社学研ココファン・ナーシング,市川市,千葉県市川市本北方３－１２－１０学研ココファン市川中山（併設）,1262790376,35.7261495,139.9508496999999
市川,訪問看護,4.35,True,訪問看護ステーションすこやか,医療法人社団五十鈴会,葛飾区,東京都葛飾区西新小岩4-39-20,1367193683,35.720332700000014,139.85541899999998
市川,訪問看護,4.36,False,株式会社訪問看護ステーションひまわり,株式会社訪問看護ステーションひまわり,葛飾区,東京都葛飾区高砂5-36-7水戸ビル2階,1367198310,35.751588029433755,139.86803629164888
市川,訪問看護,4.36,True,デイズ訪問看護リハビリステーション新小岩,Ｄａｙｓ　ｒｉｇｈｔ　ｃａｒｅ株式会社,葛飾区,東京都葛飾区西新小岩4-39-28,1362290619,35.71990759999999,139.8554165
市川,訪問看護,4.39,False,ひな訪問看護リハビリステーション,株式会社レガーレ,江戸川区,東京都江戸川区松江7-28-6セシオン松江302号,1362390716,35.6918879,139.8763975
市川,訪問看護,4.48,False,ルミナスの和訪問看護ステーション,ホリスティックメディカル,葛飾区,東京都葛飾区高砂８－１２－４マンション戸部１０２号,1362290346,35.7533207,139.86824390000004
市川,訪問看護,4.51,False,ニチイライフケア柴又ナースステーション,株式会社ニチイケアパレス,葛飾区,東京都葛飾区柴又7-13-8ニチイメゾン柴又,1362290460,35.7599283,139.8783614
市川,訪問看護,4.55,True,トーリツ訪問看護ステーション新小岩,株式会社　トーリツ,葛飾区,東京都葛飾区東新小岩7-1-32F,1367197890,35.723524,139.85289409999996
市川,訪問看護,4.59,False,大野中央訪問看護ステーション,医療法人社団　嵐川,市川市,千葉県市川市下貝塚3丁目31番2号,1262790145,35.7386783,139.95116600000006
市川,訪問看護,4.65,False,らいおんハート訪問看護リハビリステーション行徳,株式会社カスケード東京,市川市,千葉県市川市行徳駅前1-5-1メゾンドサンク101,1262790533,35.684492,139.91698690000004
市川,訪問看護,4.65,False,セントケア訪問看護ステーション葛飾,セントケア東京株式会社,葛飾区,東京都葛飾区高砂5-10-5シルバーハイツ高砂,1362290262,35.75195459999999,139.86412299999998
市川,訪問看護,4.67,False,セントケア訪問看護ステーション市川,セントケア千葉株式会社,市川市,千葉県市川市行徳駅前2-20-9ラグナパーク102,1262790228,35.68346334376463,139.91253548728022
市川,訪問看護,4.67,False,訪問看護ステーション　いまCoCo,合同会社Ｊ’ｓクルー,市川市,千葉県市川市南大野１－４－９松丸コーポ１B,1262790558,35.7402555,139.9514507
市川,訪問看護,4.67,True,看護クラーク西船橋,株式会社シーユーシー・ホスピス,船橋市,千葉県船橋市東中山2-2-19プリマヴェーラ202,1262890689,35.7147351,139.9534926
市川,訪問看護,4.68,False,ウィル訪問看護ステーション市川,ＷｙＬ株式会社,市川市,千葉県市川市1-22-10オガワビル1階,1262790657,35.7429043,139.9501477
市川,訪問看護,4.69,False,訪問看護ステーションコルディアーレ江戸川,株式会社ＪＳＨ,江戸川区,東京都江戸川区一之江8-15-1エクセル一之江2F,1362390955,35.686146899999976,139.8826175
市川,訪問看護,4.69,False,さかいリハ訪問看護ステーション・東京,株式会社祥ファクトリ,江戸川区,東京都江戸川区一之江8丁目19-6彦新ビルⅠ　４階,1362390146,35.68540024321857,139.88474054418032
市川,訪問看護,4.7,False,ぞうさん訪問看護ステーション市川大野,Ｗ　ｈｏｓｐｉｔａｌｉｔｙ株式会社,市川市,千葉県市川市南大野1-1-26,1262790467,35.7395114,139.9521306
市川,訪問看護,4.71,False,仁整形外科,,市川市,千葉県市川市行徳駅前２－１－１１　２Ｆ,1212712776,35.683314799999955,139.91390660000002
市川,訪問看護,4.71,True,アイリス訪問看護リハビリステーション,株式会社フィジテック,葛飾区,東京都葛飾区青戸1-18-6,1362290270,35.7427252,139.8559955
市川,訪問看護,4.72,False,ドットライフ行徳（訪問看護・リハビリ）,株式会社ドットライン,市川市,千葉県市川市行徳駅前2丁目17-2T・NKビル5階B,1262790525,35.6831502,139.9136723
市川,訪問看護,4.77,False,訪問看護ステーションあき,株式会社明,松戸市,千葉県松戸市上矢切236-7,1262491025,35.7674282,139.897775
市川,訪問看護,4.77,True,ゆい訪問看護リハビリステーション,インペックス,葛飾区,東京都葛飾区青戸2-12-1スカイコート石川101,1362290593,35.747212100000006,139.8583012
市川,訪問看護,4.78,False,訪問看護ステーションSEED,株式会社ＢＲＡＶＥ,松戸市,千葉県松戸市三矢小台4-14-2サンハイツ川甚403,1262490951,35.767745,139.9028093
市川,訪問看護,4.8,False,森メンタルクリニック訪問看護ステーション,医療法人社団森メンタルクリニック,市川市,千葉県市川市行徳駅前2-16-3芝ビル行徳301号室,1262790665,35.6824421,139.9134672
市川,訪問看護,4.82,False,船堀ホームナース　にじ,合同会社Ｇｒｏｗ,江戸川区,東京都江戸川区一之江8－8－2Qスクエア1階,1362390153,35.684911223994604,139.8823766933762
市川,訪問看護,4.82,False,訪問看護ステーション　こころ,ファーマケアリンク株式会社,江戸川区,東京都江戸川区一之江2-8-14エポメック203,1362390385,35.6848547,139.88250659999994
市川,訪問看護,4.87,True,アテナ訪問看護ステーション,ATHENA株式会社,船橋市,千葉県船橋市西船5-20-1アーバンハイツ梨本103,1262890861,35.710744390384754,139.95437535767215
市川,訪問看護,4.87,True,新小岩訪問看護ステーションほほえみ,株式会社ソラスト,葛飾区,東京都葛飾区東新小岩8-8-11,1362290247,35.7271848,139.84941649999996
市川,訪問看護,4.87,True,訪問看護ステーション藤の花,株式会社ｓｈｉｐ,葛飾区,東京都葛飾区青戸6-1-15万平ハイツ101,1362290585,35.7471234,139.85694340000003
市川,訪問看護,4.91,False,なないろ訪問看護ステーション,株式会社ＴＮＦ,市川市,千葉県市川市香取1-4-5エステートピアウイング302号,1262790574,35.6806825,139.9060006
市川,訪問看護,4.92,True,サクラボ訪問看護ステーション,Ｅ＆Ｎ株式会社,葛飾区,東京都葛飾区青戸6-3-3シャムロック204号室,1362290700,35.74820504635734,139.8570239969242
市川,訪問看護,4.92,False,訪問看護リハビリステーション　ここゆい,株式会社ＣＯＣＯＹＵＩ,江戸川区,東京都江戸川区江戸川４－２－１,1362390310,35.6825303,139.8873119
市川,訪問看護,4.93,False,訪問看護ステーションこのはな,公益社団法人生駒会,松戸市,千葉県松戸市上矢切412-24,1262491132,35.7687227,139.8958439
市川,訪問看護,4.94,True,むつみ訪問看護ステーション,株式会社総和,葛飾区,東京都葛飾区西新小岩３－１５－１０ARC新小岩,1362290254,35.7202243,139.84891689999995
市川,訪問看護,4.95,True,SOMPOケア　葛飾　訪問看護,ＳＯＭＰＯケア株式会社,葛飾区,東京都葛飾区青戸3－33－14サンプラザビル5階,1362290452,35.746709509485704,139.8555117705002
市川,訪問看護,4.96,False,訪問看護ステーションてくてく,株式会社ピー・エス・マネジメント,市川市,千葉県市川市湊新田１丁目６－１２第三吉ビル１０１,1262790459,35.68068292260133,139.9115948782504
市川,訪問看護,4.96,True,エン・メディカルケア訪問看護リハビリステーション,株式会社エン・メディカルケア,船橋市,千葉県船橋市本郷町452番地アミカル高橋105,1262890846,35.7080333,139.9542533
市川,訪問看護,4.96,False,あおぞら訪問看護ステーション,有限会社　オーパス,江戸川区,東京都江戸川区松江5-11-10ロイアルコート5-603,1362390039,35.68959510000002,139.86961040000006
市川,訪問看護,4.98,False,DS訪問看護ステーション妙典,ＤＳセルリア株式会社,市川市,千葉県市川市塩焼5-7-25ドミール鈴木303,1262790517,35.6846359,139.9276207
市川,訪問看護,4.99,True,青戸訪問看護ステーション,株式会社コノマチ,葛飾区,東京都葛飾区青戸6-6-22グリーンパーク青戸　201,1362290361,35.7489338,139.85673929999996
市川,訪問看護,5.02,True,しおん訪問看護ステーション,医療法人社団東京東双泉会,葛飾区,東京都葛飾区青戸5-30‐15,1362290130,35.748305934956626,139.8558128504013
市川,訪問看護,5.02,True,訪問看護ステーションオアシス,株式会社Ｔ＆Ｉ,葛飾区,東京都葛飾区立石6-33-8青砥ハイツ101号,1362290064,35.7429999,139.85235409999996
市川,訪問看護,5.04,False,訪問看護リハビリステーションほのぼの,株式会社ほのぼの,葛飾区,東京都葛飾区柴又３－４－１４,1362290445,35.761054599999994,139.8697862
市川,訪問看護,5.1,False,訪問看護ステーションまゆおり,一般社団法人笑波,松戸市,千葉県松戸市大橋814-1,1262490928,35.7683976,139.9206533
市川,訪問看護,5.13,True,訪問看護ステーション医ごころ西船橋,株式会社アンビス,船橋市,千葉県船橋市西船五丁目27番3号,1262891117,35.7090097,139.9566661
市川,訪問看護,5.14,False,こまつな訪問看護リハビリステーション,野口株式会社,江戸川区,東京都江戸川区松江6-4-20NOGUCHIMATSUEBldg　3階,1362390765,35.686465900000016,139.87152219999996
市川,訪問看護,5.17,True,訪問看護リハビリステーションヒューマン・ケア総合センター,株式会社名学館ホールディングス,船橋市,千葉県船橋市西船4-18-12ベラージュ西船201,1262890416,35.7097213,139.95752189999996
市川,訪問看護,5.19,False,訪問看護ステーション　きらきら,医療法人社団恵隆会,市川市,千葉県市川市大野町２丁目105-1,1262790137,35.74912683323828,139.95242822368314
市川,訪問看護,5.27,False,訪問看護ステーション　ミライ,株式会社ＭＩＲＡＩ,市川市,千葉県市川市広尾１丁目４番８号スターコート広尾,1262790582,35.6783081,139.8918123
市川,訪問看護,5.27,False,あさやけ訪問看護ステーション,株式会社オレオール,江戸川区,東京都江戸川区松江5-24-6TR船堀１F,1362390195,35.68652527239,139.86892098888555
市川,訪問看護,5.28,False,訪問看護ステーションNine市川,株式会社Ｎｉｎｅ,市川市,千葉県市川市相之川2-15-16サントミーグランドマンション401号室,1262790723,35.6776912,139.8956961
市川,訪問看護,5.3,True,株式会社メディハート　訪問看護ステーションみどり,株式会社メディハート,葛飾区,東京都葛飾区立石４－３４－１３アンモリオビル２０２,1362290106,35.7417861,139.84841299999994
市川,訪問看護,5.46,False,かなちゅう訪問看護ステーション,医療法人社団玲瓏会,葛飾区,東京都葛飾区金町1-9-7星野マンション401号室,1362290411,35.7634928,139.86610380000002
市川,訪問看護,5.47,True,セコム船橋訪問看護ステーション,セコム医療システム株式会社,船橋市,千葉県船橋市西船４-１１-１０第５田中ビル２０２号室,1262890184,35.70870667437862,139.960596696048
市川,訪問看護,5.54,False,訪問看護ステーションはな金町,株式会社はな,葛飾区,東京都葛飾区金町5-24-18グランフレア金町１F,1362290544,35.765927200000014,139.8687459
市川,訪問看護,5.55,False,新行徳ロイヤル訪問看護ステーション,医療法人財団明理会,市川市,千葉県市川市本行徳５５２５－４丸大行徳ビル２階,1262790046,35.680513862855975,139.9316850739799
市川,訪問看護,5.57,False,訪問看護ステーションはーねす,株式会社やさしい手ハーネス,市川市,千葉県市川市幸2-12-10グランドマスト市川行徳内,1262790350,35.6778894,139.92506179999998
市川,訪問看護,5.59,True,葛飾区医師会訪問看護ステーション,一般社団法人　葛飾区医師会,葛飾区,東京都葛飾区立石６－８－１４パークアベニュー１階,1367191695,35.746219,139.8473083
市川,訪問看護,5.62,True,さくらんぼ訪問看護ステーション,株式会社　彩心,葛飾区,東京都葛飾区青戸７－５－７ハイムアルベール１０１,1362290577,35.7539858,139.852467
市川,訪問看護,5.63,True,東京都平井江戸川区6-47-13　セレス有阪　５階,株式会社日本アメニティライフ協会,江戸川区,東京都平井江戸川区6-47-13セレス有阪　５階,1362390963,35.711139400000015,139.8432486
市川,訪問看護,5.65,True,訪問看護リハビリステーションきなこ,合同会社きなこ,江戸川区,東京都江戸川区平井５丁目３８－１１,1362390815,35.709413199999986,139.8436754
市川,訪問看護,5.66,False,訪問看護ステーションゆうこう,医療法人　友康会,市川市,千葉県市川市日之出１７－９アルテ101,1262790038,35.676109786921444,139.92173749017832
市川,訪問看護,5.66,True,くすの木訪問看護ステーション,医療法人社団東京育明会,江戸川区,東京都江戸川区平井2丁目24番16号東京育明会ビル２階,1367198252,35.70372112999922,139.846237128836
市川,訪問看護,5.71,True,ベストリハ訪問看護ステーション西船橋,ベストリハ株式会社,市川市,千葉県市川市二俣529番地,1262790616,35.6996762,139.9584803
市川,訪問看護,5.72,True,立石訪問看護ステーション　ペンギン,社会医療法人社団正志会,葛飾区,東京都葛飾区立石5-9-26ケアガーデンＩＳＨＩＤＡ1階,1362290080,35.74264724139089,139.8438437019913
市川,訪問看護,5.8,False,訪問看護ステーション　ステラ,医療法人社団眞仁会,葛飾区,東京都葛飾区新宿2丁目16番4号,1367192636,35.76098155442226,139.8570972018524
市川,訪問看護,5.83,True,フロランス訪問看護ステーション,有限会社久留米製作所,江戸川区,東京都江戸川区平井2-8-14共栄コーポ303号室,1362390229,35.7000232,139.84634589999996
市川,訪問看護,5.83,False,しろひげ想い出がいっぱい訪問看護ステーション,医療法人社団しろひげファミリー,江戸川区,東京都江戸川区江戸川5-16-115１階,1362390906,35.6755967,139.8808643
市川,訪問看護,5.84,False,社会医療法人社団光仁会　ひかり訪問看護ステーション,社会医療法人社団光仁会,葛飾区,東京都葛飾区東金町4丁目3番７号２階,1367193030,35.7726623,139.87671469999998
市川,訪問看護,5.85,False,訪問看護よしみケア,株式会社よしみケア,市川市,千葉県市川市相之川４－１５－１１大場第２ビル２階,1262790509,35.6721896,139.9009172
市川,訪問看護,5.85,False,訪問看護ステーションプレモ,医療法人社団志嵩会,葛飾区,東京都葛飾区東金町1-41-3No5宇羽野ビル4階,1362290536,35.77061433691142,139.8715616268753
市川,訪問看護,5.85,True,ICHI訪問看護ステーション,医療法人社団Ｓｈｉｎｉｎｇ　Ｓｔａｒ,江戸川区,東京都江戸川区平井５－２１－３ガーデン欣志ビル３０３,1362391029,35.707677700000005,139.8420226
市川,訪問看護,5.86,False,株式会社ウッディ　訪問看護ステーションはーと,株式会社ウッディ,葛飾区,東京都葛飾区東金町1-38-6宇羽野ビル4Ｆ,1362290049,35.77092466838253,139.8719237943344
市川,訪問看護,5.88,False,訪問リハ看護ステーション　立夏,合同会社　立夏,葛飾区,東京都葛飾区金町5-14-4豊栄ビル201,1362290403,35.768448417547646,139.86659819061666
市川,訪問看護,5.9,True,訪問看護ステーション　人薬,株式会社　NESUX,葛飾区,東京都葛飾区白鳥4-17-16カーサ白鳥102,1362290569,35.7547248,139.8493909
市川,訪問看護,5.91,False,スマイリー訪問看護ステーション,Smiley株式会社,江戸川区,東京都江戸川区船堀2‐15－17ドウエル船堀202号,1362390377,35.683731400000006,139.8617084
市川,訪問看護,5.95,False,医療法人社団洗心えがお訪問看護ステーション,医療法人社団洗心,松戸市,千葉県松戸市松戸新田２１－２穀物菜館ビル３階,1262490613,35.77771389999998,139.9133632
市川,訪問看護,5.96,False,医療法人社団洗心　島村トータル・ケア・クリニック,医療法人社団　洗心,松戸市,千葉県松戸市松戸新田21-2,1212414837,35.7777308,139.913365
市川,訪問看護,5.96,False,るりいろ訪問看護ステーション松戸,株式会社とも,松戸市,千葉県松戸市東松戸2-28-1イーストヒルズ雅203,1262491082,35.7686689,139.9412552
市川,訪問看護,5.96,True,ウェルフォース訪問看護ステーション,株式会社ウェルフォース,葛飾区,東京都葛飾区白鳥2-10-7ル・ヴァンベール白鳥,1362290486,35.74852020000001,139.8440493
市川,訪問看護,5.97,True,ひだまり訪問看護ステーション,医療法人社団　なかた会,江戸川区,東京都江戸川区平井５－１４－１２大島園マンション305号,1367195266,35.70619887561265,139.8413280153443
市川,訪問看護,5.98,True,プレシャスケア訪問看護ステーション,株式会社プレシャス,葛飾区,東京都葛飾区青戸8-3-13タウンハイツ亀有1　208,1362290726,35.756817599515074,139.8500643997223
市川,訪問看護,6.0,False,あしたも笑顔訪問看護ステーション,シンビオシス株式会社,葛飾区,東京都葛飾区新宿５－７－２０リバーサイド新宿1F,1362290221,35.76521480000003,139.85924799999998
市川,訪問看護,6.02,False,ルポゼ東松戸訪問看護事業所,医療法人社団寿光会,松戸市,千葉県松戸市東松戸3-15-16,1262490399,35.77002400000001,139.9400299
市川,訪問看護,6.02,False,Craft訪問看護ステーション,一般社団法人ＨＩＴ,松戸市,千葉県松戸市松戸2300番地の3加藤ビル3F号室,1262491033,35.7788027,139.9083559
市川,訪問看護,6.05,True,訪問看護ステーション心音,医療法人社団圭信会,江戸川区,東京都江戸川区平井3-10-12平井町ビル1階,1362390443,35.7042893,139.84126850000007
市川,訪問看護,6.05,False,訪問看護ステーション　あおぞらの家,有限会社　大千,江戸川区,東京都江戸川区船堀６-3-20つばめガーデン船堀　1F,1362390237,35.679124389500515,139.86687280037168
市川,訪問看護,6.07,True,若葉クリニック,医療法人社団　麒麟会,船橋市,千葉県船橋市上山町1-156-1ベルグプレシャデス船橋112,1212818375,35.7289256,139.9704104
市川,訪問看護,6.09,False,LITALICOホームケア,株式会社ＬＩＴＡＬＩＣＯパートナーズ,江戸川区,東京都江戸川区船堀2-21-82階,1362390658,35.68165173094964,139.86171178954925
市川,訪問看護,6.11,True,コープ訪問看護ステーション,東京葛飾医療生活協同組合,葛飾区,東京都葛飾区白鳥2丁目3番6号2階,1367191836,35.7498211,139.84309359999995
市川,訪問看護,6.13,True,きんぎょ訪問看護ステーション,株式会社あさまずめ,江戸川区,東京都江戸川区平井六丁目16番4号,1362390948,35.7077197,139.8388013
市川,訪問看護,6.19,True,ウィズ・ユー葛飾訪問看護,株式会社春,葛飾区,東京都葛飾区お花茶屋1-20-5,1362290320,35.7480325,139.84099390000006
市川,訪問看護,6.23,False,まじめな訪問看護リハビリステーション松戸,まじめな訪問看護ナーシング株式会社,松戸市,千葉県松戸市松戸1401－10,1262491058,35.7807739,139.8995864
市川,訪問看護,6.24,False,ドットライフ浦安駅前（訪問看護・リハビリ）,株式会社ドットライン,浦安市,千葉県浦安市北栄2-17-30パルメゾンソーマ108,1261990209,35.6690047,139.896147
市川,訪問看護,6.27,False,えんじゅ訪問看護ステーション,株式会社えんじゅ,葛飾区,東京都葛飾区東金町2-26-3エスペラントハイツⅠ101号室,1362290692,35.7743426,139.8701862
市川,訪問看護,6.32,False,とき訪問看護ステーション,合同会社ＮＥＯマイライフ,松戸市,千葉県松戸市東松戸3-5-7-101,1262490845,35.77195622788258,139.9423912167549
市川,訪問看護,6.34,True,訪問看護ステーションデライト葛飾,株式会社Ｈ＆Ｈホールディングス,葛飾区,東京都葛飾区亀有1-22-17,1362290312,35.759151300000006,139.8472683
市川,訪問看護,6.35,False,プレミア東松戸訪問看護ステーション,社会福祉法人白寿会,松戸市,千葉県松戸市紙敷297-2,1262491207,35.7687349,139.9481761
市川,訪問看護,6.37,True,在宅療養支援ステーション楓の友かつしか,株式会社ＩＳＩＴＥＮ,葛飾区,東京都葛飾区亀有1-15-23間医療モール3F,1362290684,35.758161,139.8458687
市川,訪問看護,6.47,False,ハイネス訪問看護ステーション,医療法人社団誠馨会,松戸市,千葉県松戸市松戸1291-4コスモ松戸ステーションビュー107,1262490241,35.7829383,139.900537
市川,訪問看護,6.5,True,亀有病院訪問看護ステーションペンギン,医療法人財団謙仁会,葛飾区,東京都葛飾区亀有3丁目36番3号,1362290353,35.76334730000001,139.8492059
市川,訪問看護,6.52,False,聖隷訪問看護ステーション浦安,社会福祉法人聖隷福祉事業団,浦安市,千葉県浦安市当代島1-3-29アイエムビル４階－A,1261990084,35.66680912290279,139.8928376535707
市川,訪問看護,6.53,False,訪問看護ステーション都葦,株式会社　ケアエクスプレス都葦,江戸川区,東京都江戸川区宇喜田町1311番地1ファミール宇喜田101号室,1362390013,35.67552994490267,139.86391925099565
市川,訪問看護,6.54,False,訪問看護ステーションしんえい,いずみサービス株式会社,浦安市,千葉県浦安市北栄3-33-10ビッグウッドビルド203,1261990167,35.6660831,139.8983957
市川,訪問看護,6.56,True,AYANA訪問看護ステーション,ＡＹＡＮＡ合同会社,葛飾区,東京都葛飾区亀有3-16-15メリーマンション202,1362290734,35.7635505,139.8485469
市川,訪問看護,6.57,False,訪問看護ステーション　フレンドリー松戸,株式会社ＲＡＮＯＫ,松戸市,千葉県松戸市胡録台171-1イーストパーク胡録台110号室,1262491231,35.78322199999998,139.91388209999997
市川,訪問看護,6.68,False,セコム松戸訪問看護ステーション,セコム医療システム株式会社,松戸市,千葉県松戸市松戸1164-2,1262490183,35.784855,139.90228479999996
市川,訪問看護,6.71,False,マイスメディカルケア,株式会社マイスメディカルケア,浦安市,千葉県浦安市当代島1-20-2ヴィラアデュサム301,1261990142,35.6655548100115,139.88891439377898
市川,訪問看護,6.71,False,リボン結訪問看護ステーション,有限会社総合リハビリ研究所,浦安市,千葉県浦安市北栄3-9-13貴富ビル２階,1261990050,35.664520592823514,139.90041030412135
市川,訪問看護,6.78,False,訪問看護ステーション　あゆみ,株式会社　Fleek,浦安市,千葉県浦安市猫実5丁目18番20号KOビル501,1261990118,35.664503826202704,139.8919409191077
市川,訪問看護,6.78,True,訪問看護ステーション　こあら,株式会社エコアース,江東区,東京都江東区亀戸7-12-19ハイツ松田402,1360890493,35.6973512,139.8362724
市川,訪問看護,6.79,False,訪問看護ステーション　さくら,有限会社　ライフステージ,江戸川区,東京都江戸川区中葛西２－１－１８第６長庄マンション２０３号室,1362390021,35.66906987659876,139.87260311157846
市川,訪問看護,6.83,False,訪問看護ゆいちご,株式会社LAGOM,三郷市,埼玉県三郷市高州3-458-2ロイヤルシャトレー1F,1161290196,35.7834337,139.8808723
市川,訪問看護,6.84,True,訪問看護ステーションせりえ,株式会社ＳＭＢ,江東区,東京都江東区亀戸7-14-7,1360890063,35.697715362789374,139.83527749245152
市川,訪問看護,6.92,True,訪問看護ステーションISGem,アイエスジー株式会社,船橋市,千葉県船橋市藤原3-16-17アイエスジー株式会社　本社3階,1262891000,35.7424935,139.9767919
市川,訪問看護,7.0,False,訪問看護かえりえ河原塚,株式会社やさしい手,松戸市,千葉県松戸市河原塚69-1,1262490464,35.781315657688275,139.93747311485822
市川,訪問看護,7.05,True,訪問看護リハビリステーションアオアクア,株式会社　アオアクア,江東区,東京都江東区大島8-5-1N＆Hﾋﾞﾙ4階,1360890030,35.689920779639806,139.83805469881136
市川,訪問看護,7.08,False,訪問看護ステーションまごころ,医療法人社団　新虎の門会,江戸川区,東京都江戸川区東葛西4-52-5TRKASAI　102号室,1367193048,35.662924,139.88490739999995
市川,訪問看護,7.1,True,FCM訪問看護ステーションかめあり,株式会社ふたばケアメディカル,葛飾区,東京都葛飾区亀有5-26-8,1362290668,35.76885200000001,139.8464385
市川,訪問看護,7.11,False,ライブラリ松戸訪問看護事業所,株式会社リビングプラットフォームケア,松戸市,千葉県松戸市松戸新田505‐1ライブラリ松戸上本郷,1262491215,35.78739000630546,139.91920628280332
市川,訪問看護,7.14,False,ケアラビット訪問看護ステーション,有限会社ラビット,浦安市,千葉県浦安市北栄4-20-10,1261990126,35.660575,139.9018778
市川,訪問看護,7.17,False,看護クラーク松戸,株式会社シーユーシー・ホスピス,松戸市,千葉県松戸市南花島四丁目61ｰ1,1262490910,35.7890402,139.9094831
市川,訪問看護,7.18,False,訪問看護ステーションルーナ,合同会社Ｃ‐Ｅａｒｔｈ,松戸市,千葉県松戸市南花島3-50-5グレース松戸Ⅱ　305,1262491017,35.7890666,139.910675
市川,訪問看護,7.18,False,浦安やなぎ通り診療所,,浦安市,千葉県浦安市猫実2ー13ー26,1211912575,35.6602018,139.9016177
市川,訪問看護,7.2,False,あおぞら診療所,医療法人財団千葉健愛会,松戸市,千葉県松戸市緑ケ丘２丁目３５７番地ソフィア１階Ａ・Ｂ号,1212413946,35.7887823,139.915292
市川,訪問看護,7.22,False,あっぷる訪問看護ステーション葛西,株式会社日本サービスセンター,江戸川区,東京都江戸川区東葛西5-14-6カサイNSビル　705号室,1367195746,35.6639958665816,139.87530052883605
市川,訪問看護,7.23,False,訪問看護ステーション　そら,株式会社メディハート,足立区,東京都足立区中川4-31-12パークサイド中川301,1362190926,35.7716816,139.8478747
市川,訪問看護,7.25,False,訪問看護ステーション　ここ未来,株式会社読売ニュースサービス,葛飾区,東京都葛飾区南水元2-29-11ラ・フォンテーヌ102,1362290379,35.77927916588457,139.85910407874644
市川,訪問看護,7.3,False,訪問看護ステーション慈穏,合同会社Ｐｌａｎｔ,江東区,東京都江東区北砂6-19-19101,1360890527,35.68516700000002,139.83883129999998
市川,訪問看護,7.33,False,東京愛育苑訪問看護ステーション,社会福祉法人東京愛育苑,葛飾区,東京都葛飾区水元3-13-2,1367192925,35.7822974,139.86348220000002
市川,訪問看護,7.39,True,社会医療法人社団順江会江東病院　訪問看護ステーションたんぽぽ,社会医療法人社団順江会,江東区,東京都江東区大島5-10-10セントラルプラザ大島　401,1367195043,35.6893602,139.83411090000004
市川,訪問看護,7.41,True,きづきリハビリ訪問看護ステーション,株式会社エイチ‐デザイナーズ,足立区,東京都足立区東和２－１４－２遠藤ビル１０２,1362190090,35.7689269,139.84175900000002
市川,訪問看護,7.47,False,ソライロ在宅クリニック,,江東区,東京都江東区東砂3-25-3,1310832790,35.6781362,139.8438318
市川,訪問看護,7.48,False,東葛クリニック病院　訪問看護室,医療法人財団松圓会,松戸市,千葉県松戸市樋野口822番地,1212412849,35.79155305521412,139.8935654650818
市川,訪問看護,7.52,False,訪問看護ステーション希望,一般社団法人まつおか,松戸市,千葉県松戸市紙敷１丁目１４番地の９,1262490985,35.7768456,139.9565373
市川,訪問看護,7.57,False,城東訪問看護ステーション,有限会社ラビット,江戸川区,東京都江戸川区西葛西3-22-15,1362390047,35.66685289362151,139.8593764843772
市川,訪問看護,7.63,True,医療法人社団　大坪会　東和訪問看護ステーション,医療法人社団大坪会,足立区,東京都足立区東和4-7-7ウイスティ43　1階,1362190348,35.77290290000002,139.8429635
市川,訪問看護,7.7,False,訪問看護ステーション　ナース花きりん,特定非営利活動法人コラボえどがわ,江戸川区,東京都江戸川区東葛西7-2-5エビス東葛西102,1362390088,35.6599475238087,139.87336900062903
市川,訪問看護,7.73,False,訪問看護かえりえ八柱,株式会社やさしい手,松戸市,千葉県松戸市日暮4-3-3,1262490563,35.7882609,139.93828480000002
市川,訪問看護,7.76,False,訪問看護ファミリー・ホスピス西葛西,ファミリー・ホスピス株式会社,江戸川区,東京都江戸川区西葛西3丁目4番9号,1362391003,35.6663814,139.8563237
市川,訪問看護,7.84,False,ミモザ訪問看護ステーション,有限会社Ｃｕｒｅ－Ｌｉｎｋｓ,松戸市,千葉県松戸市日暮3-10-8金子マンション107,1262490977,35.790005,139.9363495
市川,訪問看護,7.86,False,訪問看護　ユアナース,株式会社SCコーポレーション,松戸市,千葉県松戸市河原塚４１１－１１,1262490647,35.7864708,139.94594630000006
市川,訪問看護,7.86,False,看多機さんしょう訪問看護,一般社団法人幸樹会,松戸市,千葉県松戸市河原塚411-1幸樹会館,1262491116,35.786653999999984,139.9454011
市川,訪問看護,7.92,False,訪問看護ステーションひまわり,医療法人社団希和会,江戸川区,東京都江戸川区東葛西８－１９－１６介護老人保健施設ひまわり内１階,1362390096,35.6560578,139.88048849999996
市川,訪問看護,7.93,False,訪問看護ステーションきぼう,株式会社ハピネスケア,足立区,東京都足立区大谷田1-4-7ロイヤルエクセレンス小川,1362190660,35.77831607575666,139.84530648726872
市川,訪問看護,7.99,False,社会医療法人社団　森山医会訪問看護事業所,社会医療法人社団森山医会,江戸川区,東京都江戸川区西葛西７－１２－７,1362390278,35.6618534,139.86058409999998
