令和５年,医療施設調査,令和５（２０２３）年１０月１日,
都道府県編　第１０７表　一般診療所数（重複計上）；実施件数，在宅医療サービス・都道府県−指定都市・特別区・中核市（再掲）・病床の有無・療養病床を有する一般診療所（再掲）別
注：「実施件数」は令和５年９月中の数である。
,総数,医療保険等による,,,,,,,,,,,,,,,,,,,介護保険による,,,,,,
,,総数,往診,,在宅患者訪問診療,,歯科訪問診療,,救急搬送診療,,在宅患者訪問看護・指導,,精神科在宅患者訪問看護・指導,,在宅患者訪問リハビリテーション指導管理,,訪問看護ステーションへの指示書の交付,,在宅看取り,,総数,居宅療養管理指導（介護予防サービスを含む）,,訪問看護（介護予防サービスを含む）,,訪問リハビリテーション（介護予防サービスを含む）,
,,施設数,施設数,実施件数,施設数,実施件数,施設数,実施件数,施設数,実施件数,施設数,実施件数,施設数,実施件数,施設数,実施件数,施設数,実施件数,施設数,実施件数,施設数,施設数,実施件数,施設数,実施件数,施設数,実施件数
,,,,,,,,,,,,,,,,,,,,,,,,,,,
総数
全　　　　　国,104894,32582,17631,225875,18906,1498229,231,28376,1135,2768,2433,68882,451,26814,1882,15573,15735,305062,5780,17966,10702,7599,674663,1381,32009,1928,116524
北　海　道,3403,822,400,7890,446,55083,11,1731,28,64,86,2567,16,3141,41,556,349,9147,160,464,263,178,22700,35,831,57,5558
青　　　森,850,219,98,905,113,8184,-,-,9,19,17,379,3,221,5,51,92,1950,51,173,57,34,2834,12,1158,8,820
岩　　　手,879,240,93,1112,102,5338,3,41,13,24,12,40,1,8,10,32,119,1614,35,119,47,26,1978,8,117,17,1158
宮　　　城,1724,355,184,2668,168,16489,3,175,20,40,27,2010,6,170,11,64,181,3165,66,354,113,80,7789,14,418,12,378
秋　　　田,806,276,134,779,154,3918,-,-,2,6,13,352,1,8,8,14,117,746,38,76,49,34,858,3,24,7,196
山　　　形,881,314,170,2331,187,10373,-,-,6,10,18,721,4,498,9,51,146,1348,63,183,93,67,3537,14,528,8,791
福　　　島,1372,443,199,2080,254,11472,11,380,13,17,31,1228,-,-,17,62,213,2923,87,260,119,80,3947,17,325,15,1052
茨　　　城,1760,450,233,3453,238,24183,6,240,19,48,35,3125,5,231,34,268,210,3448,87,306,160,107,11146,25,1628,28,1336
栃　　　木,1482,421,229,2747,208,13318,3,15,24,35,25,416,2,42,18,160,205,3145,78,258,98,67,6578,14,101,15,1710
群　　　馬,1563,561,290,2914,331,23271,5,111,20,25,41,1073,6,67,21,130,276,4512,107,345,162,111,11291,20,516,16,1073
埼　　　玉,4530,1055,575,15068,562,81048,10,3008,31,104,85,3102,21,572,82,639,517,13611,230,1108,420,285,42077,37,936,75,4415
千　　　葉,3942,897,499,9275,484,73129,5,1162,26,112,80,2596,21,1159,52,531,427,11107,217,837,375,280,41656,42,2627,59,4842
東　　　京,14894,3083,1813,34574,1675,223456,26,3946,105,305,230,10072,74,3192,187,2670,1450,43510,566,2201,1217,947,112053,131,2649,193,11388
神　奈　川,7150,1637,924,20084,946,152476,20,3128,55,227,121,7534,31,3358,84,734,785,24208,390,1930,648,505,87108,45,1116,78,3006
新　　　潟,1655,562,303,2632,342,12193,5,69,18,29,19,463,5,309,33,251,245,2266,93,235,132,94,4078,16,415,15,894
富　　　山,744,280,134,1260,182,8325,2,166,11,29,10,72,2,330,24,137,140,1993,47,105,73,54,3443,10,136,8,151
石　　　川,879,320,168,1413,196,11462,1,1,15,34,20,286,2,5,20,121,147,2243,41,138,112,86,5717,12,616,16,541
福　　　井,571,220,122,573,148,3936,-,-,9,12,13,183,1,95,10,28,117,1205,34,66,75,46,1481,10,117,10,568
山　　　梨,726,199,96,1084,95,4055,2,391,8,19,10,248,1,5,12,173,83,1200,40,96,46,28,1466,6,11,13,892
長　　　野,1599,639,366,2116,401,11971,1,10,18,37,57,613,9,129,46,236,335,3817,134,225,183,127,3871,31,847,27,1922
岐　　　阜,1598,703,393,4645,450,27281,8,402,27,66,76,3748,6,928,42,258,370,6851,149,479,274,205,10686,40,569,43,1748
静　　　岡,2724,837,420,6719,441,35858,-,-,37,84,62,1249,10,558,55,262,446,6304,185,691,220,156,16694,24,203,41,4355
愛　　　知,5682,1837,985,12958,1055,92011,11,1622,55,165,115,4145,24,659,121,819,878,20358,319,1213,656,488,40807,65,1710,114,8176
三　　　重,1498,552,318,3134,304,16528,1,7,23,67,29,381,2,26,26,175,243,4228,106,290,149,100,6222,14,260,30,1761
滋　　　賀,1143,420,229,1590,272,9858,2,156,15,30,27,208,4,126,33,162,217,2422,61,108,124,89,4430,21,132,26,2737
京　　　都,2488,936,551,4629,563,25969,6,333,35,61,67,1196,17,1547,76,483,447,8086,131,283,300,217,10762,53,1926,63,4873
大　　　阪,8877,3246,1782,20091,1978,160414,14,1681,62,141,297,5449,57,2017,241,2208,1651,43705,479,1407,1233,882,74644,181,3768,238,12188
兵　　　庫,5196,2044,1140,10784,1188,65521,9,2362,57,161,153,2738,16,503,120,663,1053,19986,360,881,656,472,29454,100,2255,129,5859
奈　　　良,1213,410,227,2255,244,13568,3,854,7,16,20,306,5,82,30,134,213,2436,70,157,133,92,5276,18,484,23,863
和　歌　山,1008,506,312,2233,338,14195,1,29,18,33,39,1093,5,936,38,184,286,3815,87,185,142,87,3789,24,334,39,1613
鳥　　　取,474,192,101,1120,137,7056,2,37,3,5,10,237,1,223,12,72,92,1505,34,83,55,33,1867,6,94,11,1123
島　　　根,689,321,191,1455,219,8510,-,-,12,17,18,320,4,33,12,72,143,1797,42,62,84,49,1929,17,406,16,1827
岡　　　山,1550,617,320,2458,379,20211,6,540,24,43,32,446,10,940,27,204,276,3083,94,206,202,139,8423,32,885,38,1560
広　　　島,2521,1028,574,5481,623,30241,8,1213,56,123,80,747,12,202,63,361,559,8498,156,311,295,211,9767,38,511,72,3800
山　　　口,1194,423,216,2064,266,12995,3,292,25,58,36,447,2,132,24,142,205,2308,68,124,127,81,3675,22,274,29,1541
徳　　　島,688,292,156,1114,158,6391,5,58,15,28,26,275,1,1,18,52,126,1495,44,68,90,53,1581,10,225,28,1561
香　　　川,816,342,182,1860,176,11017,2,53,6,10,28,523,-,-,12,222,136,1263,47,123,87,59,3392,11,113,18,431
愛　　　媛,1175,460,241,3005,261,19914,4,82,11,18,36,2284,5,540,21,290,205,3076,86,181,132,90,7491,18,117,24,852
高　　　知,514,155,74,737,86,4519,1,76,8,23,10,94,2,10,8,79,67,816,22,46,37,21,1941,4,48,10,272
福　　　岡,4806,1547,723,6300,938,63080,14,3092,60,98,123,1632,19,684,82,789,774,12126,215,514,470,344,26049,55,761,79,4000
佐　　　賀,693,272,148,1693,156,10124,4,93,10,38,24,395,4,327,4,49,89,927,38,107,63,39,2529,8,107,12,555
長　　　崎,1317,515,273,2545,306,14218,4,147,27,43,37,472,3,81,18,83,241,2249,75,143,137,83,2465,21,196,30,1447
熊　　　本,1470,576,280,2745,338,16760,2,351,24,36,30,326,8,307,21,184,274,2386,91,171,145,86,5300,28,579,27,1255
大　　　分,947,358,192,1671,219,12913,2,119,13,34,19,644,2,126,13,97,152,1245,62,139,116,72,4558,20,273,21,548
宮　　　崎,906,279,159,1655,135,11221,1,75,19,37,19,167,3,442,12,51,144,1908,63,162,70,49,3302,13,78,12,343
鹿　児　島,1369,542,310,4307,323,21220,2,77,30,117,55,2213,7,818,26,555,217,3343,77,165,192,116,7124,30,423,66,6834
沖　　　縄,928,179,104,1669,121,12956,2,51,6,20,15,67,11,1026,3,15,77,1688,55,188,71,50,4898,6,162,12,1711
（再掲）指定都市・特別区, , , , , , , , , , , , , , , , , , , , , , , , , , , 
東京都の区部,11628,2315,1393,26170,1244,163955,18,1880,84,235,170,7300,56,2897,144,2095,1055,32417,396,1570,914,701,79127,103,2140,136,8013
札幌市,1433,302,165,4650,167,33803,6,1230,10,30,36,908,7,552,22,439,162,6086,82,240,126,103,16314,9,157,22,3060
仙台市,950,169,88,1463,69,9589,1,2,12,31,9,1395,4,73,5,42,82,1850,33,199,57,40,4319,5,36,5,78
さいたま市,1028,241,128,3970,139,25620,4,663,3,13,13,59,5,16,18,76,122,3528,60,338,119,82,11627,9,64,20,1078
千葉市,717,141,87,1778,84,15458,1,480,8,13,11,359,2,8,10,91,79,2030,42,179,66,52,10228,10,1012,15,854
横浜市,3201,656,355,8924,371,55915,8,1275,22,73,40,908,16,940,31,448,321,9460,152,746,265,198,31656,16,205,31,1261
川崎市,1060,263,153,3793,149,29186,1,24,16,61,26,3303,7,1875,17,72,124,4574,66,335,127,99,17322,11,315,18,739
相模原市,453,75,38,988,44,10026,1,3,2,15,6,572,1,177,1,5,35,1950,21,108,25,23,5859,1,207,1,10
新潟市,651,193,100,1080,113,6445,1,20,7,11,7,105,2,234,16,154,85,1179,31,88,39,28,2547,4,52,5,466
静岡市,555,160,84,2331,89,11164,-,-,8,25,16,345,2,10,15,87,94,1645,32,180,43,34,4112,2,8,5,144
浜松市,650,213,99,1759,98,9071,-,-,8,16,12,473,4,520,15,84,120,1468,38,123,43,28,5157,6,75,11,1002
名古屋市,2272,731,403,5397,412,41738,5,1431,23,83,47,1376,11,237,32,173,356,9314,117,455,268,213,21560,20,164,29,797
京都市,1622,591,348,2908,348,18868,5,306,25,40,40,785,11,1299,54,252,276,5568,72,173,198,140,8493,26,1031,39,3721
大阪市,3734,1231,687,9475,744,64138,7,334,31,60,103,1835,23,930,92,949,595,16736,187,647,490,342,28557,68,1408,105,5113
堺市,744,302,159,1830,181,18875,1,80,3,9,22,287,6,205,15,185,160,5961,47,107,110,80,8318,18,203,14,1041
神戸市,1643,634,360,3666,366,18405,5,1741,14,69,45,1006,5,40,33,113,306,6422,98,263,212,162,9070,25,329,40,884
岡山市,625,272,135,1002,171,9621,3,477,10,22,11,186,3,561,9,45,133,1732,44,99,89,66,4834,11,416,17,494
広島市,1206,452,250,2046,269,15686,3,600,23,38,30,161,5,64,25,210,245,4626,55,108,122,88,5373,13,156,31,1802
北九州市,941,320,159,1111,208,13983,3,1855,7,10,25,367,2,20,18,179,154,2139,54,104,94,71,5119,11,131,16,1017
福岡市,1693,460,220,2836,258,30023,4,570,18,39,45,787,11,451,33,391,240,4406,62,195,178,127,13769,27,396,34,1316
熊本市,654,247,117,1562,145,8828,2,351,11,16,14,124,6,294,14,161,120,1405,42,96,72,50,4002,10,416,12,607
（再掲）中核市, , , , , , , , , , , , , , , , , , , , , , , , , , , 
旭川市,225,56,28,834,25,3035,-,-,3,7,2,56,1,40,2,3,21,328,12,41,13,10,1611,2,100,2,110
函館市,197,67,23,335,30,4605,2,414,-,-,7,496,2,410,3,20,25,394,7,15,19,9,1147,4,112,5,1181
青森市,206,52,20,201,28,1990,-,-,2,5,3,142,1,175,1,1,17,392,10,46,14,11,822,2,948,1,9
八戸市,167,41,18,288,18,2240,-,-,2,3,2,42,-,-,2,4,24,761,9,39,12,9,923,2,35,3,52
盛岡市,258,70,29,268,32,2602,2,39,-,-,5,7,1,8,4,5,36,941,9,60,16,11,1211,1,1,8,558
秋田市,290,88,32,239,46,1346,-,-,1,2,4,309,-,-,1,2,36,293,11,28,13,8,376,1,2,2,3
山形市,247,77,44,920,46,4674,-,-,2,2,1,2,1,5,3,39,34,406,15,65,21,13,1472,2,2,3,395
郡山市,233,73,32,624,45,3782,5,113,3,3,5,18,-,-,5,12,43,638,14,69,24,16,1198,2,80,5,946
いわき市,242,64,23,227,38,2230,-,-,1,1,7,116,-,-,2,6,28,434,11,30,17,10,1084,2,3,-,-
福島市,249,70,31,378,42,2607,3,256,3,4,2,957,-,-,4,9,41,869,19,68,18,16,900,4,152,3,31
水戸市,242,62,28,436,31,2640,-,-,1,1,2,10,1,101,8,27,35,461,10,43,24,17,1474,2,12,5,657
宇都宮市,438,90,41,596,40,4362,1,3,7,12,6,46,1,9,6,98,47,1412,14,62,20,15,2239,2,3,3,458
前橋市,340,144,71,803,89,7188,1,42,8,11,16,248,-,-,4,6,76,1478,33,110,41,29,3114,6,46,2,4
高崎市,353,126,71,589,74,4696,-,-,4,4,10,313,2,28,7,78,63,718,21,67,38,30,2227,6,322,6,597
川越市,220,42,24,857,19,2802,-,-,3,5,4,329,1,21,7,79,25,708,8,64,14,10,1691,1,40,3,157
越谷市,200,42,20,678,21,4184,-,-,2,12,4,99,1,100,2,4,21,1312,10,36,14,12,2420,2,33,1,10
川口市,339,72,45,1071,32,5708,-,-,2,3,6,59,3,80,6,9,34,791,19,89,34,26,4041,5,21,5,39
船橋市,380,67,41,937,38,9678,-,-,-,-,4,100,4,20,4,16,32,1370,15,78,30,22,4102,3,512,3,1352
柏市,270,49,28,314,30,4334,-,-,-,-,7,266,2,97,5,25,27,445,15,61,26,20,2355,4,91,7,210
八王子市,392,83,43,1361,50,8065,1,1000,1,20,10,340,4,53,8,120,41,1375,17,87,38,28,4046,5,128,8,696
横須賀市,304,95,56,754,64,8639,1,298,3,8,3,363,1,106,4,24,43,1078,24,146,32,27,4000,-,-,3,56
富山市,337,106,54,509,62,4232,1,165,5,10,5,20,2,330,10,84,51,1227,15,44,28,21,2301,3,32,2,8
金沢市,419,132,67,726,79,6746,1,1,6,21,7,127,1,1,10,83,62,1390,21,76,45,37,3329,4,76,6,83
福井市,253,93,41,218,55,1918,-,-,3,3,6,18,1,95,3,8,52,647,10,18,36,16,791,4,21,4,224
甲府市,219,57,28,350,31,1288,-,-,2,2,4,206,-,-,7,160,34,387,12,32,13,7,238,2,5,4,674
長野市,297,97,49,321,58,2444,-,-,4,11,5,44,-,-,2,16,46,503,20,29,30,23,851,4,349,4,300
松本市,231,97,54,301,63,2241,-,-,2,3,14,239,2,17,12,59,56,883,18,38,28,17,427,7,142,4,19
岐阜市,398,184,103,1416,116,7334,-,-,13,35,20,322,3,600,8,39,99,1989,28,88,64,48,3261,7,61,8,299
豊橋市,252,73,30,321,40,2667,-,-,-,-,5,41,1,7,9,137,30,364,9,22,24,12,485,2,27,10,2078
豊田市,244,75,36,182,45,1710,1,17,4,10,4,41,1,270,7,40,32,582,9,16,17,17,889,1,5,2,7
岡崎市,234,74,37,462,40,2876,-,-,-,-,5,56,2,6,12,60,38,472,16,51,28,13,1347,6,200,10,860
一宮市,257,104,63,1091,66,7144,-,-,4,7,9,249,2,45,6,28,52,1400,20,85,36,24,2341,6,195,6,333
大津市,304,113,60,454,72,3497,-,-,2,2,8,95,2,48,11,85,56,848,12,24,43,33,1965,8,54,9,1440
高槻市,297,110,63,574,78,5481,-,-,-,-,10,159,2,5,11,100,61,1854,16,38,41,34,3176,4,20,3,59
東大阪市,397,174,93,948,99,6656,-,-,3,5,13,288,3,27,12,46,91,2418,21,56,75,53,3080,13,78,19,230
豊中市,430,155,83,841,100,9987,1,121,4,30,16,290,3,186,15,104,87,2248,36,108,64,44,5651,6,85,18,1317
枚方市,284,102,50,585,56,7800,-,-,3,6,11,357,1,6,7,58,48,1147,15,77,41,28,3813,9,85,7,580
八尾市,212,82,50,545,55,4127,1,168,1,4,9,218,3,25,5,39,33,836,9,17,30,27,1960,2,21,7,608
寝屋川市,182,66,34,236,43,2861,-,-,1,1,4,21,3,120,2,7,27,601,8,18,22,18,1883,4,205,2,20
吹田市,373,132,66,948,85,5196,1,10,2,2,10,155,3,80,7,32,74,1502,24,44,50,39,3144,5,72,9,343
姫路市,418,158,72,486,85,5421,-,-,5,11,8,160,3,186,11,30,82,1532,30,66,47,32,2887,11,223,11,67
西宮市,553,179,107,976,112,8451,-,-,5,10,19,255,1,17,11,66,94,1720,42,112,47,38,4138,3,90,5,533
尼崎市,490,188,107,1739,108,9691,-,-,6,6,16,425,1,20,12,139,105,2208,24,70,57,40,3375,5,90,14,2215
明石市,248,103,66,452,55,2937,-,-,-,-,7,120,1,2,3,61,52,1283,16,36,39,24,1460,8,449,11,539
奈良市,400,122,65,548,69,6164,2,851,3,7,5,222,2,38,9,33,70,980,21,51,39,32,3343,4,96,6,172
和歌山市,416,201,122,980,133,8819,1,29,8,11,19,774,2,65,15,103,114,1787,42,87,79,54,2655,13,141,19,804
鳥取市,149,61,24,232,45,2245,-,-,1,1,5,54,-,-,6,14,31,334,9,22,28,15,710,4,84,5,961
松江市,220,98,55,371,63,2736,-,-,1,2,6,52,3,22,3,14,48,736,10,19,24,19,894,3,30,6,43
倉敷市,345,120,59,540,70,5135,2,55,5,10,7,117,6,335,8,83,55,710,16,46,30,21,1594,6,301,9,613
福山市,344,130,75,702,74,4273,2,537,5,5,7,62,1,2,7,29,72,979,24,56,42,28,1652,3,8,12,820
呉市,209,97,52,623,67,3972,3,76,6,23,13,132,2,13,6,15,50,733,14,31,26,16,452,11,167,7,129
下関市,260,93,51,366,57,3364,-,-,5,10,10,36,-,-,7,69,41,334,12,16,27,18,667,4,45,4,247
高松市,404,162,81,1237,86,6958,1,51,3,5,17,489,-,-,4,19,73,753,25,73,43,30,2575,6,67,6,85
松山市,475,171,93,1723,97,12374,2,55,5,12,12,2054,1,297,12,158,84,1937,33,97,56,45,5533,7,35,6,393
高知市,243,59,29,322,31,2613,1,76,3,4,4,73,2,10,4,54,30,522,8,20,19,14,1366,3,45,6,221
久留米市,303,111,59,399,63,2154,-,-,5,6,5,35,-,-,2,2,60,570,18,36,27,16,654,1,1,4,465
長崎市,499,201,118,1189,132,6989,-,-,6,9,12,216,1,4,9,57,103,1427,26,51,64,47,1188,10,47,13,1101
佐世保市,215,72,33,400,42,3213,2,141,5,6,7,116,1,4,3,18,40,223,11,24,22,9,484,3,31,5,259
大分市,392,133,70,838,80,6982,1,74,4,5,7,237,-,-,6,58,60,675,26,83,44,34,3354,5,98,5,92
宮崎市,396,126,75,1172,70,7114,-,-,5,10,7,53,3,442,4,24,73,1218,33,101,40,35,2153,6,27,5,100
鹿児島市,538,187,100,2682,101,11618,1,69,10,26,20,1829,5,787,13,295,83,2185,23,64,69,43,4656,6,171,31,5553
那覇市,263,50,23,473,31,6590,1,45,-,-,1,4,6,558,-,-,25,828,12,69,17,14,2217,-,-,3,922
有床
全　　　　　国,5641,2120,1111,14610,1332,119034,29,5683,136,408,237,10505,7,371,113,1280,1001,17220,393,1137,854,525,44000,162,5414,305,19278
北　海　道,345,106,46,466,54,8748,3,359,7,14,18,548,-,-,5,44,45,946,13,50,40,16,1168,8,329,19,1685
青　　　森,109,50,23,199,22,2084,-,-,5,12,7,280,-,-,1,3,17,356,9,30,14,7,335,4,145,2,27
岩　　　手,75,27,13,542,15,1551,-,-,4,9,1,2,-,-,-,-,11,456,2,17,8,5,331,2,6,4,350
宮　　　城,96,20,13,554,15,1868,-,-,2,2,3,10,-,-,1,2,12,243,6,42,6,5,299,1,44,1,137
秋　　　田,46,19,9,98,13,315,-,-,-,-,1,6,-,-,-,-,8,66,4,4,7,4,77,-,-,2,18
山　　　形,46,27,14,368,15,1467,-,-,1,1,6,493,1,10,-,-,8,76,8,22,10,9,509,2,74,-,-
福　　　島,75,20,6,36,13,601,1,1,1,1,2,21,-,-,1,1,10,160,4,11,5,2,18,2,26,1,19
茨　　　城,106,39,21,359,25,3797,-,-,5,17,5,884,-,-,1,1,20,453,12,43,19,12,1561,4,949,6,588
栃　　　木,94,21,10,161,11,1190,-,-,3,3,2,6,-,-,1,1,13,407,3,16,7,3,678,3,12,5,550
群　　　馬,61,26,10,140,13,753,-,-,1,1,4,37,-,-,-,-,14,248,3,12,8,4,277,1,33,-,-
埼　　　玉,181,51,23,925,28,3658,-,-,2,5,5,57,-,-,8,93,24,545,9,66,28,14,2013,-,-,15,1202
千　　　葉,137,28,18,523,18,4436,2,666,-,-,4,48,1,1,4,43,17,586,10,49,16,15,3992,5,206,5,477
東　　　京,302,62,42,1469,48,11212,2,228,5,23,11,277,1,20,6,306,33,2357,26,122,34,28,5427,2,77,7,332
神　奈　川,163,27,11,289,18,3668,1,7,1,3,1,733,-,-,1,4,14,278,9,36,12,10,1652,1,3,2,147
新　　　潟,41,12,6,20,7,248,-,-,-,-,-,-,-,-,-,-,3,13,1,1,3,2,78,1,150,1,40
富　　　山,32,12,4,45,5,144,-,-,-,-,-,-,-,-,1,8,4,17,2,3,4,2,135,1,12,2,38
石　　　川,56,14,5,25,11,496,-,-,2,2,1,2,-,-,1,9,5,22,-,-,7,5,247,2,102,1,16
福　　　井,46,19,11,71,12,336,-,-,3,4,1,3,-,-,-,-,10,113,2,3,14,7,134,2,15,7,291
山　　　梨,32,10,8,202,5,520,-,-,-,-,-,-,-,-,1,6,5,149,4,21,5,3,176,-,-,2,405
長　　　野,57,21,12,72,13,1009,1,10,2,5,3,80,1,1,-,-,10,225,5,13,9,6,417,2,65,-,-
岐　　　阜,110,50,32,625,31,2831,1,23,2,7,8,2077,-,-,4,26,24,778,13,63,18,11,1364,4,140,6,174
静　　　岡,148,41,24,370,21,1345,-,-,-,-,5,42,-,-,1,1,21,323,7,29,13,9,1013,1,11,3,158
愛　　　知,268,87,43,477,43,4328,1,754,1,22,3,26,-,-,6,104,39,514,14,40,36,25,2064,6,119,15,1834
三　　　重,67,27,18,288,15,1260,-,-,3,13,5,68,-,-,2,12,11,124,8,10,11,6,269,5,205,5,55
滋　　　賀,33,6,3,23,6,413,-,-,-,-,-,-,-,-,1,72,4,39,1,2,3,1,78,2,6,2,1259
京　　　都,71,19,16,177,14,808,-,-,-,-,5,102,-,-,1,1,6,90,4,4,7,6,394,2,92,2,195
大　　　阪,183,44,23,137,27,2233,2,63,2,12,7,47,-,-,7,82,24,547,2,4,18,12,1587,6,255,9,825
兵　　　庫,155,53,31,240,33,2212,1,1361,6,38,7,112,-,-,6,48,33,670,15,26,30,19,1318,4,261,13,669
奈　　　良,31,9,5,51,4,549,1,3,-,-,1,4,-,-,-,-,2,26,2,2,2,1,234,1,2,-,-
和　歌　山,49,28,15,128,21,1406,-,-,3,11,3,69,-,-,4,80,18,204,5,17,13,3,198,7,101,7,612
鳥　　　取,34,11,8,37,7,428,-,-,-,-,2,35,-,-,4,49,6,77,3,9,4,3,184,2,50,3,97
島　　　根,37,10,8,22,7,274,-,-,1,1,-,-,-,-,-,-,5,20,2,3,2,1,103,1,138,2,404
岡　　　山,116,60,32,175,36,2943,1,13,1,3,1,4,-,-,1,7,27,193,9,17,24,10,464,5,371,12,488
広　　　島,163,67,47,477,51,3865,1,11,9,26,9,258,-,-,4,27,42,982,17,28,37,25,1550,7,124,16,658
山　　　口,89,38,25,430,28,2196,2,220,2,4,8,66,-,-,1,6,19,578,7,15,17,14,1437,6,185,3,740
徳　　　島,79,56,32,212,42,1774,-,-,5,10,6,88,-,-,3,10,25,302,12,18,32,17,549,3,115,12,694
香　　　川,82,49,24,336,35,3512,1,51,3,5,7,436,-,-,2,12,20,137,10,23,18,14,1337,3,5,6,63
愛　　　媛,117,58,32,912,38,8655,1,29,2,2,7,2005,-,-,4,47,31,838,14,57,32,21,2645,3,23,10,390
高　　　知,55,18,5,21,11,286,1,76,2,13,4,7,-,-,-,-,7,32,2,3,6,2,113,1,32,4,68
福　　　岡,425,168,75,525,114,7052,1,1695,11,18,17,440,2,41,7,17,75,593,14,20,54,36,1830,9,213,15,533
佐　　　賀,129,68,34,369,41,3216,3,36,4,5,4,20,-,-,1,25,20,186,11,35,23,13,458,2,5,7,333
長　　　崎,190,100,49,328,62,3690,1,2,7,12,14,238,-,-,4,19,54,470,19,39,34,17,722,3,35,10,531
熊　　　本,240,125,54,358,76,2995,-,-,6,10,10,183,-,-,5,13,66,447,16,21,39,21,738,9,233,13,438
大　　　分,209,102,50,447,71,4844,-,-,6,17,6,283,-,-,3,31,42,333,19,34,43,29,1334,10,131,12,305
宮　　　崎,131,58,35,163,30,2207,1,75,3,3,5,47,1,298,1,6,31,294,10,14,17,13,821,5,19,4,219
鹿　児　島,270,144,79,626,97,5029,-,-,13,74,17,360,-,-,9,64,61,640,23,39,62,35,1427,12,295,31,1150
沖　　　縄,60,13,7,92,10,582,-,-,-,-,1,1,-,-,-,-,5,67,2,4,3,2,245,-,-,1,64
（再掲）指定都市・特別区, , , , , , , , , , , , , , , , , , , , , , , , , , , 
東京都の区部,215,39,26,1203,30,8573,2,228,2,14,6,85,1,20,4,297,22,1875,17,101,25,21,4198,2,77,4,297
札幌市,132,26,10,165,11,3419,1,1,-,-,3,30,-,-,1,27,13,599,2,15,10,4,260,1,20,3,265
仙台市,38,6,3,435,3,991,-,-,1,1,1,3,-,-,-,-,3,152,2,33,2,2,220,-,-,-,-
さいたま市,26,3,1,3,-,-,-,-,-,-,-,-,-,-,-,-,-,-,-,-,-,-,-,-,-,-,-
千葉市,27,5,3,30,3,1138,-,-,-,-,-,-,-,-,1,1,5,44,1,8,3,3,1150,1,36,-,-
横浜市,64,10,3,63,4,1278,1,7,-,-,-,-,-,-,-,-,6,94,3,13,5,4,624,-,-,-,-
川崎市,20,6,4,199,6,1989,-,-,1,3,1,733,-,-,1,4,4,167,4,14,6,5,935,-,-,2,147
相模原市,8,-,-,-,-,-,-,-,-,-,-,-,-,-,-,-,-,-,-,-,-,-,-,-,-,-,-
新潟市,17,2,1,2,2,35,-,-,-,-,-,-,-,-,-,-,-,-,-,-,-,-,-,-,-,-,-
静岡市,21,4,1,3,2,25,-,-,-,-,1,10,-,-,1,1,2,2,1,1,1,1,15,-,-,-,-
浜松市,33,12,4,94,5,441,-,-,-,-,1,20,-,-,-,-,7,37,-,-,1,1,30,1,11,-,-
名古屋市,75,25,14,102,12,924,1,754,-,-,-,-,-,-,-,-,11,159,5,11,6,5,321,-,-,-,-
京都市,39,10,7,143,6,555,-,-,-,-,2,44,-,-,1,1,4,81,1,1,4,3,213,-,-,1,22
大阪市,65,17,10,44,11,619,2,63,1,5,2,12,-,-,1,34,3,24,1,2,4,3,308,1,7,3,520
堺市,20,2,1,6,2,145,-,-,-,-,1,3,-,-,1,2,2,41,-,-,1,1,64,-,-,-,-
神戸市,45,14,7,76,7,428,1,1361,1,14,2,14,-,-,1,26,6,210,4,8,6,5,459,-,-,1,5
岡山市,52,28,14,58,15,823,1,13,1,3,-,-,-,-,1,7,13,86,3,4,10,7,402,3,347,5,237
広島市,71,25,18,164,19,2211,-,-,2,7,2,13,-,-,1,16,15,681,7,7,17,10,1163,2,18,8,412
北九州市,73,29,13,73,20,1000,1,1695,-,-,2,14,-,-,-,-,10,45,1,1,6,5,257,1,8,1,5
福岡市,114,46,24,223,32,3994,-,-,3,4,11,396,1,5,2,2,20,155,6,6,20,13,777,5,199,8,249
熊本市,99,45,17,105,25,573,-,-,4,5,2,3,-,-,2,6,23,134,4,4,13,8,113,2,111,4,220
（再掲）中核市, , , , , , , , , , , , , , , , , , , , , , , , , , , 
旭川市,24,10,7,37,6,1394,-,-,1,2,1,16,-,-,1,2,5,42,4,16,3,2,6,1,60,1,29
函館市,17,5,3,127,3,2026,1,311,-,-,2,313,-,-,-,-,1,2,1,1,2,1,376,2,96,2,867
青森市,26,12,6,37,6,846,-,-,-,-,1,140,-,-,-,-,4,146,3,7,3,2,185,-,-,1,9
八戸市,21,7,3,46,4,511,-,-,1,2,1,2,-,-,1,3,3,168,2,7,2,1,119,-,-,1,18
盛岡市,22,6,3,105,3,922,-,-,-,-,-,-,-,-,-,-,3,420,1,16,2,2,323,1,1,2,188
秋田市,16,5,4,56,5,135,-,-,-,-,-,-,-,-,-,-,4,44,1,1,2,1,41,-,-,-,-
山形市,9,3,1,16,2,27,-,-,-,-,-,-,-,-,-,-,1,2,1,1,1,-,-,-,-,-,-
郡山市,14,2,1,7,1,3,-,-,-,-,-,-,-,-,-,-,1,6,-,-,-,-,-,-,-,-,-
いわき市,17,5,1,2,2,283,-,-,-,-,-,-,-,-,-,-,1,31,2,4,2,1,10,-,-,-,-
福島市,16,3,1,2,2,140,-,-,-,-,-,-,-,-,-,-,3,40,-,-,-,-,-,-,-,-,-
水戸市,13,3,-,-,1,10,-,-,-,-,-,-,-,-,-,-,3,12,-,-,1,-,-,-,-,1,393
宇都宮市,31,5,3,129,2,815,-,-,-,-,-,-,-,-,-,-,4,373,2,15,2,1,540,1,1,1,36
前橋市,16,9,4,104,5,79,-,-,-,-,2,6,-,-,-,-,3,47,1,5,4,1,94,1,33,-,-
高崎市,15,6,1,2,1,113,-,-,-,-,-,-,-,-,-,-,6,102,-,-,1,1,21,-,-,-,-
川越市,12,5,2,406,3,458,-,-,-,-,-,-,-,-,1,1,1,10,2,17,1,1,44,-,-,1,29
越谷市,13,3,1,31,2,472,-,-,-,-,-,-,-,-,-,-,3,94,1,6,1,1,467,-,-,-,-
川口市,9,2,2,61,2,528,-,-,-,-,1,35,-,-,-,-,1,112,2,20,2,2,582,-,-,-,-
船橋市,7,1,1,5,1,106,-,-,-,-,-,-,-,-,-,-,1,4,-,-,1,1,51,-,-,1,7
柏市,3,-,-,-,-,-,-,-,-,-,-,-,-,-,-,-,-,-,-,-,-,-,-,-,-,-,-
八王子市,19,3,3,10,3,167,-,-,-,-,1,169,-,-,1,1,2,18,2,4,2,1,2,-,-,-,-
横須賀市,14,1,-,-,1,2,-,-,-,-,-,-,-,-,-,-,-,-,-,-,-,-,-,-,-,-,-
富山市,16,6,3,43,1,11,-,-,-,-,-,-,-,-,1,8,2,5,-,-,2,-,-,-,-,1,1
金沢市,26,3,-,-,2,182,-,-,-,-,-,-,-,-,-,-,1,1,-,-,1,1,136,-,-,1,16
福井市,26,8,2,11,3,50,-,-,-,-,-,-,-,-,-,-,4,50,-,-,6,1,31,-,-,2,182
甲府市,11,3,2,8,2,104,-,-,-,-,-,-,-,-,1,6,2,33,1,5,2,1,4,-,-,1,384
長野市,15,5,2,26,3,619,-,-,-,-,1,26,-,-,-,-,2,132,1,1,3,2,196,1,9,-,-
松本市,9,1,-,-,-,-,-,-,-,-,-,-,-,-,-,-,-,-,-,-,-,-,-,-,-,-,-
岐阜市,31,12,7,186,5,280,-,-,-,-,2,123,-,-,-,-,5,183,1,7,3,2,268,-,-,-,-
豊橋市,15,2,-,-,1,10,-,-,-,-,1,2,-,-,-,-,-,-,-,-,1,-,-,1,24,-,-
豊田市,9,1,-,-,1,1,-,-,-,-,-,-,-,-,-,-,1,6,-,-,1,1,1,-,-,-,-
岡崎市,11,-,-,-,-,-,-,-,-,-,-,-,-,-,-,-,-,-,-,-,-,-,-,-,-,-,-
一宮市,18,9,5,158,5,1533,-,-,-,-,-,-,-,-,1,12,6,158,2,5,4,3,387,1,21,1,274
大津市,11,3,1,17,3,384,-,-,-,-,-,-,-,-,1,72,2,26,-,-,1,1,78,1,4,1,1170
高槻市,5,1,1,5,1,66,-,-,-,-,-,-,-,-,-,-,-,-,-,-,-,-,-,-,-,-,-
東大阪市,7,5,2,7,2,38,-,-,-,-,-,-,-,-,2,8,5,77,-,-,1,-,-,-,-,1,76
豊中市,7,2,-,-,1,1,-,-,1,7,1,1,-,-,-,-,2,15,-,-,1,1,1,1,1,-,-
枚方市,7,-,-,-,-,-,-,-,-,-,-,-,-,-,-,-,-,-,-,-,-,-,-,-,-,-,-
八尾市,10,2,1,9,2,116,-,-,-,-,1,8,-,-,-,-,2,43,-,-,2,2,143,1,20,1,8
寝屋川市,2,1,1,1,-,-,-,-,-,-,-,-,-,-,-,-,-,-,-,-,1,-,-,-,-,-,-
吹田市,3,-,-,-,-,-,-,-,-,-,-,-,-,-,-,-,-,-,-,-,-,-,-,-,-,-,-
姫路市,14,4,2,3,2,34,-,-,-,-,-,-,-,-,-,-,3,23,2,2,1,1,68,-,-,-,-
西宮市,10,2,2,3,1,10,-,-,-,-,-,-,-,-,-,-,1,2,-,-,-,-,-,-,-,-,-
尼崎市,12,5,2,42,3,341,-,-,-,-,-,-,-,-,1,4,3,78,1,1,3,2,234,1,53,1,54
明石市,12,-,-,-,-,-,-,-,-,-,-,-,-,-,-,-,-,-,-,-,1,-,-,-,-,1,355
奈良市,8,2,-,-,-,-,-,-,-,-,-,-,-,-,-,-,1,2,-,-,-,-,-,-,-,-,-
和歌山市,24,12,5,53,8,730,-,-,1,1,2,51,-,-,3,77,8,124,1,4,6,3,198,3,37,4,510
鳥取市,9,3,2,8,2,75,-,-,-,-,1,26,-,-,1,1,3,12,1,6,2,1,1,2,50,1,1
松江市,13,1,1,2,1,26,-,-,-,-,-,-,-,-,-,-,1,8,-,-,-,-,-,-,-,-,-
倉敷市,16,10,6,79,6,1130,-,-,-,-,1,4,-,-,-,-,7,74,2,7,4,1,2,-,-,1,8
福山市,29,12,8,22,9,276,-,-,1,1,1,8,-,-,-,-,7,32,1,1,6,4,33,1,1,3,131
呉市,15,8,5,92,6,650,1,11,2,2,2,3,-,-,1,3,7,114,2,5,4,3,69,2,57,1,2
下関市,26,11,6,32,8,463,-,-,1,3,5,14,-,-,-,-,8,47,2,4,5,4,233,4,45,1,2
高松市,47,25,13,276,17,2950,1,51,3,5,5,430,-,-,1,1,12,31,7,16,9,7,1130,1,2,-,-
松山市,57,27,16,851,18,7128,1,29,1,1,3,1991,-,-,2,13,13,683,7,43,14,11,2084,1,15,3,339
高知市,24,5,1,13,2,203,1,76,-,-,1,2,-,-,-,-,4,20,1,2,2,1,109,1,32,2,53
久留米市,44,15,6,105,9,266,-,-,2,3,-,-,-,-,-,-,6,72,1,3,4,2,110,-,-,1,9
長崎市,53,27,15,142,21,1695,-,-,-,-,5,72,-,-,1,1,17,320,8,19,10,6,360,1,2,2,226
佐世保市,42,23,11,53,13,1055,-,-,3,4,3,92,-,-,2,17,14,70,3,7,7,1,12,1,25,3,255
大分市,86,31,17,158,25,2062,-,-,-,-,-,-,-,-,-,-,15,131,7,17,14,12,786,2,66,2,39
宮崎市,48,17,12,99,15,1244,-,-,1,1,-,-,1,298,1,6,13,169,5,6,9,9,327,1,13,2,18
鹿児島市,92,40,18,233,23,1280,-,-,3,8,6,158,-,-,4,23,16,199,5,9,18,8,692,4,160,13,751
那覇市,20,2,-,-,2,25,-,-,-,-,-,-,-,-,-,-,1,2,-,-,-,-,-,-,-,-,-
療養病床を有する一般診療所（再掲）
全　　　　　国,506,378,202,1949,256,12206,3,53,27,106,35,534,2,299,17,76,180,1945,63,126,144,82,3845,22,555,46,1678
北　海　道,24,15,6,20,6,378,-,-,1,2,3,29,-,-,2,7,7,151,1,4,5,3,199,1,125,3,221
青　　　森,6,6,4,29,4,193,-,-,1,1,1,3,-,-,-,-,1,65,2,5,-,-,-,-,-,-,-
岩　　　手,5,3,1,421,1,82,-,-,1,1,-,-,-,-,-,-,2,10,-,-,1,-,-,-,-,-,-
宮　　　城,8,4,4,14,3,118,-,-,1,1,1,6,-,-,1,2,2,3,2,6,1,1,36,-,-,-,-
秋　　　田,3,1,-,-,1,2,-,-,-,-,-,-,-,-,-,-,-,-,-,-,-,-,-,-,-,-,-
山　　　形,2,2,-,-,2,9,-,-,-,-,1,4,-,-,-,-,1,11,-,-,1,-,-,-,-,-,-
福　　　島,4,4,1,3,3,52,-,-,1,1,1,18,-,-,-,-,3,12,1,2,1,-,-,1,19,-,-
茨　　　城,10,7,4,13,7,188,-,-,1,2,-,-,-,-,-,-,3,14,2,4,4,2,30,-,-,1,393
栃　　　木,5,3,-,-,-,-,-,-,-,-,-,-,-,-,-,-,3,5,-,-,-,-,-,-,-,-,-
群　　　馬,1,1,1,1,1,11,-,-,-,-,-,-,-,-,-,-,1,4,-,-,-,-,-,-,-,-,-
埼　　　玉,2,2,2,40,1,137,-,-,-,-,-,-,-,-,-,-,1,112,1,13,1,1,196,-,-,-,-
千　　　葉,5,4,2,42,3,162,-,-,-,-,-,-,-,-,1,1,2,10,1,2,1,1,22,-,-,-,-
東　　　京,9,3,3,16,3,314,-,-,-,-,1,1,-,-,1,8,3,77,1,1,2,2,261,-,-,-,-
神　奈　川,8,3,-,-,1,195,-,-,-,-,-,-,-,-,-,-,2,5,-,-,-,-,-,-,-,-,-
新　　　潟,2,2,2,3,1,21,-,-,-,-,-,-,-,-,-,-,-,-,-,-,-,-,-,-,-,-,-
富　　　山,-,-,-,-,-,-,-,-,-,-,-,-,-,-,-,-,-,-,-,-,-,-,-,-,-,-,-
石　　　川,2,-,-,-,-,-,-,-,-,-,-,-,-,-,-,-,-,-,-,-,-,-,-,-,-,-,-
福　　　井,5,3,2,15,3,31,-,-,-,-,-,-,-,-,-,-,1,7,-,-,-,-,-,-,-,-,-
山　　　梨,3,-,-,-,-,-,-,-,-,-,-,-,-,-,-,-,-,-,-,-,-,-,-,-,-,-,-
長　　　野,6,6,3,14,3,111,1,10,-,-,1,47,1,1,-,-,4,73,1,1,4,2,80,-,-,-,-
岐　　　阜,14,10,6,17,8,311,-,-,1,1,-,-,-,-,1,1,7,100,3,6,3,1,74,1,15,2,89
静　　　岡,4,4,1,4,2,50,-,-,-,-,-,-,-,-,-,-,1,8,-,-,1,-,-,-,-,-,-
愛　　　知,16,13,6,33,8,294,-,-,-,-,-,-,-,-,1,1,6,11,2,4,5,4,170,1,2,3,11
三　　　重,11,8,6,207,3,325,-,-,-,-,-,-,-,-,-,-,3,45,3,4,2,1,75,1,50,-,-
滋　　　賀,1,1,-,-,1,36,-,-,-,-,-,-,-,-,-,-,-,-,-,-,-,-,-,-,-,-,-
京　　　都,2,2,2,9,1,121,-,-,-,-,-,-,-,-,-,-,-,-,-,-,1,1,102,-,-,-,-
大　　　阪,3,3,1,4,3,20,-,-,-,-,2,9,-,-,1,2,1,3,-,-,-,-,-,-,-,-,-
兵　　　庫,9,7,3,27,2,162,-,-,-,-,-,-,-,-,-,-,5,59,1,2,3,1,26,1,118,1,4
奈　　　良,2,2,2,20,2,493,-,-,-,-,-,-,-,-,-,-,1,24,2,2,1,1,234,-,-,-,-
和　歌　山,9,8,6,28,6,450,-,-,-,-,-,-,-,-,-,-,5,18,3,8,1,-,-,-,-,1,46
鳥　　　取,2,2,1,3,1,169,-,-,-,-,-,-,-,-,1,9,2,19,-,-,1,1,159,-,-,1,85
島　　　根,2,1,1,1,-,-,-,-,-,-,-,-,-,-,-,-,-,-,-,-,-,-,-,-,-,-,-
岡　　　山,20,15,12,28,12,598,-,-,-,-,-,-,-,-,1,7,11,77,1,2,5,2,187,2,26,3,156
広　　　島,28,17,13,141,14,915,1,11,4,15,3,239,-,-,1,3,12,250,3,12,8,8,319,3,35,3,47
山　　　口,7,5,4,23,5,246,-,-,-,-,3,15,-,-,-,-,4,24,3,5,5,5,275,2,28,2,16
徳　　　島,10,9,5,36,7,191,-,-,1,1,2,53,-,-,1,1,2,25,2,2,7,2,82,-,-,4,64
香　　　川,17,13,5,33,9,240,-,-,1,2,1,1,-,-,1,1,7,52,1,1,5,3,102,-,-,2,26
愛　　　媛,8,7,4,10,5,389,-,-,-,-,-,-,-,-,-,-,3,16,-,-,5,3,190,-,-,1,5
高　　　知,1,1,-,-,1,3,-,-,1,9,1,1,-,-,-,-,-,-,-,-,-,-,-,-,-,-,-
福　　　岡,66,49,24,233,37,1128,-,-,3,5,2,14,-,-,-,-,18,148,6,11,19,13,415,3,11,6,163
佐　　　賀,26,20,9,59,13,525,1,32,1,2,-,-,-,-,-,-,5,100,3,6,5,2,84,-,-,2,109
長　　　崎,22,17,7,34,8,228,-,-,-,-,2,10,-,-,-,-,11,80,4,6,6,1,15,-,-,2,7
熊　　　本,26,21,10,53,14,415,-,-,1,3,3,8,-,-,-,-,10,81,6,7,9,3,125,1,1,2,62
大　　　分,12,8,2,3,5,307,-,-,1,2,-,-,-,-,-,-,1,4,-,-,4,1,20,-,-,2,11
宮　　　崎,21,17,9,87,10,491,-,-,1,1,2,9,1,298,1,6,10,64,3,5,5,4,62,1,1,-,-
鹿　児　島,52,45,26,200,33,1874,-,-,6,57,4,66,-,-,3,27,17,145,5,5,21,12,285,4,124,5,163
沖　　　縄,5,4,2,25,3,221,-,-,-,-,1,1,-,-,-,-,2,33,-,-,1,1,20,-,-,-,-
（再掲）指定都市・特別区, , , , , , , , , , , , , , , , , , , , , , , , , , , 
東京都の区部,5,1,1,6,1,2,-,-,-,-,1,1,-,-,-,-,1,6,-,-,-,-,-,-,-,-,-
札幌市,4,2,1,9,1,103,-,-,-,-,1,8,-,-,-,-,1,27,-,-,1,1,37,-,-,-,-
仙台市,1,1,1,5,1,39,-,-,-,-,-,-,-,-,-,-,1,1,1,5,1,1,36,-,-,-,-
さいたま市,-,-,-,-,-,-,-,-,-,-,-,-,-,-,-,-,-,-,-,-,-,-,-,-,-,-,-
千葉市,1,1,1,6,1,22,-,-,-,-,-,-,-,-,1,1,1,8,-,-,1,1,22,-,-,-,-
横浜市,4,1,-,-,-,-,-,-,-,-,-,-,-,-,-,-,1,2,-,-,-,-,-,-,-,-,-
川崎市,-,-,-,-,-,-,-,-,-,-,-,-,-,-,-,-,-,-,-,-,-,-,-,-,-,-,-
相模原市,1,-,-,-,-,-,-,-,-,-,-,-,-,-,-,-,-,-,-,-,-,-,-,-,-,-,-
新潟市,-,-,-,-,-,-,-,-,-,-,-,-,-,-,-,-,-,-,-,-,-,-,-,-,-,-,-
静岡市,-,-,-,-,-,-,-,-,-,-,-,-,-,-,-,-,-,-,-,-,-,-,-,-,-,-,-
浜松市,3,3,-,-,2,50,-,-,-,-,-,-,-,-,-,-,1,8,-,-,-,-,-,-,-,-,-
名古屋市,2,2,-,-,1,23,-,-,-,-,-,-,-,-,-,-,1,1,-,-,-,-,-,-,-,-,-
京都市,-,-,-,-,-,-,-,-,-,-,-,-,-,-,-,-,-,-,-,-,-,-,-,-,-,-,-
大阪市,2,2,1,4,2,15,-,-,-,-,1,6,-,-,-,-,-,-,-,-,-,-,-,-,-,-,-
堺市,1,1,-,-,1,5,-,-,-,-,1,3,-,-,1,2,1,3,-,-,-,-,-,-,-,-,-
神戸市,4,2,1,18,1,148,-,-,-,-,-,-,-,-,-,-,2,42,1,2,1,1,26,-,-,-,-
岡山市,10,9,7,16,7,483,-,-,-,-,-,-,-,-,1,7,8,60,1,2,3,2,187,1,7,2,154
広島市,9,2,2,14,2,148,-,-,1,5,1,9,-,-,-,-,1,40,-,-,1,1,118,1,15,1,34
北九州市,12,7,2,13,6,149,-,-,-,-,-,-,-,-,-,-,3,14,1,1,3,2,74,1,8,1,5
福岡市,16,14,7,95,11,395,-,-,-,-,2,14,-,-,-,-,5,17,1,1,4,2,100,-,-,3,129
熊本市,6,4,1,2,2,8,-,-,-,-,1,2,-,-,-,-,2,6,1,1,2,1,4,-,-,-,-
（再掲）中核市, , , , , , , , , , , , , , , , , , , , , , , , , , , 
旭川市,1,1,-,-,-,-,-,-,-,-,-,-,-,-,-,-,-,-,-,-,-,-,-,-,-,-,-
函館市,-,-,-,-,-,-,-,-,-,-,-,-,-,-,-,-,-,-,-,-,-,-,-,-,-,-,-
青森市,3,3,3,28,3,167,-,-,-,-,-,-,-,-,-,-,1,65,2,5,-,-,-,-,-,-,-
八戸市,-,-,-,-,-,-,-,-,-,-,-,-,-,-,-,-,-,-,-,-,-,-,-,-,-,-,-
盛岡市,-,-,-,-,-,-,-,-,-,-,-,-,-,-,-,-,-,-,-,-,-,-,-,-,-,-,-
秋田市,-,-,-,-,-,-,-,-,-,-,-,-,-,-,-,-,-,-,-,-,-,-,-,-,-,-,-
山形市,1,1,-,-,1,2,-,-,-,-,-,-,-,-,-,-,-,-,-,-,1,-,-,-,-,-,-
郡山市,-,-,-,-,-,-,-,-,-,-,-,-,-,-,-,-,-,-,-,-,-,-,-,-,-,-,-
いわき市,-,-,-,-,-,-,-,-,-,-,-,-,-,-,-,-,-,-,-,-,-,-,-,-,-,-,-
福島市,1,1,-,-,-,-,-,-,-,-,-,-,-,-,-,-,1,6,-,-,-,-,-,-,-,-,-
水戸市,2,1,-,-,1,10,-,-,-,-,-,-,-,-,-,-,1,8,-,-,1,-,-,-,-,1,393
宇都宮市,2,1,-,-,-,-,-,-,-,-,-,-,-,-,-,-,1,1,-,-,-,-,-,-,-,-,-
前橋市,1,1,1,1,1,11,-,-,-,-,-,-,-,-,-,-,1,4,-,-,-,-,-,-,-,-,-
高崎市,-,-,-,-,-,-,-,-,-,-,-,-,-,-,-,-,-,-,-,-,-,-,-,-,-,-,-
川越市,-,-,-,-,-,-,-,-,-,-,-,-,-,-,-,-,-,-,-,-,-,-,-,-,-,-,-
越谷市,-,-,-,-,-,-,-,-,-,-,-,-,-,-,-,-,-,-,-,-,-,-,-,-,-,-,-
川口市,1,1,1,35,1,137,-,-,-,-,-,-,-,-,-,-,1,112,1,13,1,1,196,-,-,-,-
船橋市,-,-,-,-,-,-,-,-,-,-,-,-,-,-,-,-,-,-,-,-,-,-,-,-,-,-,-
柏市,-,-,-,-,-,-,-,-,-,-,-,-,-,-,-,-,-,-,-,-,-,-,-,-,-,-,-
八王子市,1,-,-,-,-,-,-,-,-,-,-,-,-,-,-,-,-,-,-,-,-,-,-,-,-,-,-
横須賀市,-,-,-,-,-,-,-,-,-,-,-,-,-,-,-,-,-,-,-,-,-,-,-,-,-,-,-
富山市,-,-,-,-,-,-,-,-,-,-,-,-,-,-,-,-,-,-,-,-,-,-,-,-,-,-,-
金沢市,2,-,-,-,-,-,-,-,-,-,-,-,-,-,-,-,-,-,-,-,-,-,-,-,-,-,-
福井市,2,1,-,-,1,4,-,-,-,-,-,-,-,-,-,-,-,-,-,-,-,-,-,-,-,-,-
甲府市,-,-,-,-,-,-,-,-,-,-,-,-,-,-,-,-,-,-,-,-,-,-,-,-,-,-,-
長野市,-,-,-,-,-,-,-,-,-,-,-,-,-,-,-,-,-,-,-,-,-,-,-,-,-,-,-
松本市,-,-,-,-,-,-,-,-,-,-,-,-,-,-,-,-,-,-,-,-,-,-,-,-,-,-,-
岐阜市,2,1,1,3,1,71,-,-,-,-,-,-,-,-,-,-,1,7,-,-,-,-,-,-,-,-,-
豊橋市,-,-,-,-,-,-,-,-,-,-,-,-,-,-,-,-,-,-,-,-,-,-,-,-,-,-,-
豊田市,-,-,-,-,-,-,-,-,-,-,-,-,-,-,-,-,-,-,-,-,-,-,-,-,-,-,-
岡崎市,-,-,-,-,-,-,-,-,-,-,-,-,-,-,-,-,-,-,-,-,-,-,-,-,-,-,-
一宮市,1,-,-,-,-,-,-,-,-,-,-,-,-,-,-,-,-,-,-,-,-,-,-,-,-,-,-
大津市,1,1,-,-,1,36,-,-,-,-,-,-,-,-,-,-,-,-,-,-,-,-,-,-,-,-,-
高槻市,-,-,-,-,-,-,-,-,-,-,-,-,-,-,-,-,-,-,-,-,-,-,-,-,-,-,-
東大阪市,-,-,-,-,-,-,-,-,-,-,-,-,-,-,-,-,-,-,-,-,-,-,-,-,-,-,-
豊中市,-,-,-,-,-,-,-,-,-,-,-,-,-,-,-,-,-,-,-,-,-,-,-,-,-,-,-
枚方市,-,-,-,-,-,-,-,-,-,-,-,-,-,-,-,-,-,-,-,-,-,-,-,-,-,-,-
八尾市,-,-,-,-,-,-,-,-,-,-,-,-,-,-,-,-,-,-,-,-,-,-,-,-,-,-,-
寝屋川市,-,-,-,-,-,-,-,-,-,-,-,-,-,-,-,-,-,-,-,-,-,-,-,-,-,-,-
吹田市,-,-,-,-,-,-,-,-,-,-,-,-,-,-,-,-,-,-,-,-,-,-,-,-,-,-,-
姫路市,-,-,-,-,-,-,-,-,-,-,-,-,-,-,-,-,-,-,-,-,-,-,-,-,-,-,-
西宮市,1,1,1,2,-,-,-,-,-,-,-,-,-,-,-,-,1,2,-,-,-,-,-,-,-,-,-
尼崎市,-,-,-,-,-,-,-,-,-,-,-,-,-,-,-,-,-,-,-,-,-,-,-,-,-,-,-
明石市,-,-,-,-,-,-,-,-,-,-,-,-,-,-,-,-,-,-,-,-,-,-,-,-,-,-,-
奈良市,-,-,-,-,-,-,-,-,-,-,-,-,-,-,-,-,-,-,-,-,-,-,-,-,-,-,-
和歌山市,-,-,-,-,-,-,-,-,-,-,-,-,-,-,-,-,-,-,-,-,-,-,-,-,-,-,-
鳥取市,1,1,-,-,-,-,-,-,-,-,-,-,-,-,-,-,1,7,-,-,-,-,-,-,-,-,-
松江市,-,-,-,-,-,-,-,-,-,-,-,-,-,-,-,-,-,-,-,-,-,-,-,-,-,-,-
倉敷市,1,1,-,-,-,-,-,-,-,-,-,-,-,-,-,-,1,5,-,-,-,-,-,-,-,-,-
福山市,5,3,2,8,2,131,-,-,-,-,-,-,-,-,-,-,1,1,-,-,1,1,1,1,1,1,10
呉市,6,4,2,21,2,200,1,11,1,1,-,-,-,-,-,-,4,91,1,4,2,2,11,1,19,-,-
下関市,3,2,2,20,2,72,-,-,-,-,2,4,-,-,-,-,2,19,2,4,2,2,44,2,28,1,2
高松市,9,6,1,9,2,93,-,-,1,2,1,1,-,-,1,1,3,8,1,1,1,1,4,-,-,-,-
松山市,4,3,2,6,2,99,-,-,-,-,-,-,-,-,-,-,2,3,-,-,2,2,61,-,-,-,-
高知市,-,-,-,-,-,-,-,-,-,-,-,-,-,-,-,-,-,-,-,-,-,-,-,-,-,-,-
久留米市,8,6,3,100,4,244,-,-,1,2,-,-,-,-,-,-,3,68,1,3,3,2,110,-,-,1,9
長崎市,5,3,1,2,2,25,-,-,-,-,-,-,-,-,-,-,2,42,1,1,2,-,-,-,-,1,3
佐世保市,4,4,1,3,1,23,-,-,-,-,-,-,-,-,-,-,2,12,-,-,1,-,-,-,-,1,4
大分市,1,1,-,-,1,5,-,-,-,-,-,-,-,-,-,-,-,-,-,-,-,-,-,-,-,-,-
宮崎市,6,5,3,67,5,137,-,-,-,-,-,-,1,298,1,6,5,40,1,1,3,3,61,-,-,-,-
鹿児島市,16,11,4,91,8,486,-,-,1,6,-,-,-,-,-,-,5,64,1,1,5,3,128,-,-,2,20
那覇市,1,1,-,-,1,1,-,-,-,-,-,-,-,-,-,-,-,-,-,-,-,-,-,-,-,-,-
無床
全　　　　　国,99253,30462,16520,211265,17574,1379195,202,22693,999,2360,2196,58377,444,26443,1769,14293,14734,287842,5387,16829,9848,7074,630663,1219,26595,1623,97246
北　海　道,3058,716,354,7424,392,46335,8,1372,21,50,68,2019,16,3141,36,512,304,8201,147,414,223,162,21532,27,502,38,3873
青　　　森,741,169,75,706,91,6100,-,-,4,7,10,99,3,221,4,48,75,1594,42,143,43,27,2499,8,1013,6,793
岩　　　手,804,213,80,570,87,3787,3,41,9,15,11,38,1,8,10,32,108,1158,33,102,39,21,1647,6,111,13,808
宮　　　城,1628,335,171,2114,153,14621,3,175,18,38,24,2000,6,170,10,62,169,2922,60,312,107,75,7490,13,374,11,241
秋　　　田,760,257,125,681,141,3603,-,-,2,6,12,346,1,8,8,14,109,680,34,72,42,30,781,3,24,5,178
山　　　形,835,287,156,1963,172,8906,-,-,5,9,12,228,3,488,9,51,138,1272,55,161,83,58,3028,12,454,8,791
福　　　島,1297,423,193,2044,241,10871,10,379,12,16,29,1207,-,-,16,61,203,2763,83,249,114,78,3929,15,299,14,1033
茨　　　城,1654,411,212,3094,213,20386,6,240,14,31,30,2241,5,231,33,267,190,2995,75,263,141,95,9585,21,679,22,748
栃　　　木,1388,400,219,2586,197,12128,3,15,21,32,23,410,2,42,17,159,192,2738,75,242,91,64,5900,11,89,10,1160
群　　　馬,1502,535,280,2774,318,22518,5,111,19,24,37,1036,6,67,21,130,262,4264,104,333,154,107,11014,19,483,16,1073
埼　　　玉,4349,1004,552,14143,534,77390,10,3008,29,99,80,3045,21,572,74,546,493,13066,221,1042,392,271,40064,37,936,60,3213
千　　　葉,3805,869,481,8752,466,68693,3,496,26,112,76,2548,20,1158,48,488,410,10521,207,788,359,265,37664,37,2421,54,4365
東　　　京,14592,3021,1771,33105,1627,212244,24,3718,100,282,219,9795,73,3172,181,2364,1417,41153,540,2079,1183,919,106626,129,2572,186,11056
神　奈　川,6987,1610,913,19795,928,148808,19,3121,54,224,120,6801,31,3358,83,730,771,23930,381,1894,636,495,85456,44,1113,76,2859
新　　　潟,1614,550,297,2612,335,11945,5,69,18,29,19,463,5,309,33,251,242,2253,92,234,129,92,4000,15,265,14,854
富　　　山,712,268,130,1215,177,8181,2,166,11,29,10,72,2,330,23,129,136,1976,45,102,69,52,3308,9,124,6,113
石　　　川,823,306,163,1388,185,10966,1,1,13,32,19,284,2,5,19,112,142,2221,41,138,105,81,5470,10,514,15,525
福　　　井,525,201,111,502,136,3600,-,-,6,8,12,180,1,95,10,28,107,1092,32,63,61,39,1347,8,102,3,277
山　　　梨,694,189,88,882,90,3535,2,391,8,19,10,248,1,5,11,167,78,1051,36,75,41,25,1290,6,11,11,487
長　　　野,1542,618,354,2044,388,10962,-,-,16,32,54,533,8,128,46,236,325,3592,129,212,174,121,3454,29,782,27,1922
岐　　　阜,1488,653,361,4020,419,24450,7,379,25,59,68,1671,6,928,38,232,346,6073,136,416,256,194,9322,36,429,37,1574
静　　　岡,2576,796,396,6349,420,34513,-,-,37,84,57,1207,10,558,54,261,425,5981,178,662,207,147,15681,23,192,38,4197
愛　　　知,5414,1750,942,12481,1012,87683,10,868,54,143,112,4119,24,659,115,715,839,19844,305,1173,620,463,38743,59,1591,99,6342
三　　　重,1431,525,300,2846,289,15268,1,7,20,54,24,313,2,26,24,163,232,4104,98,280,138,94,5953,9,55,25,1706
滋　　　賀,1110,414,226,1567,266,9445,2,156,15,30,27,208,4,126,32,90,213,2383,60,106,121,88,4352,19,126,24,1478
京　　　都,2417,917,535,4452,549,25161,6,333,35,61,62,1094,17,1547,75,482,441,7996,127,279,293,211,10368,51,1834,61,4678
大　　　阪,8694,3202,1759,19954,1951,158181,12,1618,60,129,290,5402,57,2017,234,2126,1627,43158,477,1403,1215,870,73057,175,3513,229,11363
兵　　　庫,5041,1991,1109,10544,1155,63309,8,1001,51,123,146,2626,16,503,114,615,1020,19316,345,855,626,453,28136,96,1994,116,5190
奈　　　良,1182,401,222,2204,240,13019,2,851,7,16,19,302,5,82,30,134,211,2410,68,155,131,91,5042,17,482,23,863
和　歌　山,959,478,297,2105,317,12789,1,29,15,22,36,1024,5,936,34,104,268,3611,82,168,129,84,3591,17,233,32,1001
鳥　　　取,440,181,93,1083,130,6628,2,37,3,5,8,202,1,223,8,23,86,1428,31,74,51,30,1683,4,44,8,1026
島　　　根,652,311,183,1433,212,8236,-,-,11,16,18,320,4,33,12,72,138,1777,40,59,82,48,1826,16,268,14,1423
岡　　　山,1434,557,288,2283,343,17268,5,527,23,40,31,442,10,940,26,197,249,2890,85,189,178,129,7959,27,514,26,1072
広　　　島,2358,961,527,5004,572,26376,7,1202,47,97,71,489,12,202,59,334,517,7516,139,283,258,186,8217,31,387,56,3142
山　　　口,1105,385,191,1634,238,10799,1,72,23,54,28,381,2,132,23,136,186,1730,61,109,110,67,2238,16,89,26,801
徳　　　島,609,236,124,902,116,4617,5,58,10,18,20,187,1,1,15,42,101,1193,32,50,58,36,1032,7,110,16,867
香　　　川,734,293,158,1524,141,7505,1,2,3,5,21,87,-,-,10,210,116,1126,37,100,69,45,2055,8,108,12,368
愛　　　媛,1058,402,209,2093,223,11259,3,53,9,16,29,279,5,540,17,243,174,2238,72,124,100,69,4846,15,94,14,462
高　　　知,459,137,69,716,75,4233,-,-,6,10,6,87,2,10,8,79,60,784,20,43,31,19,1828,3,16,6,204
福　　　岡,4381,1379,648,5775,824,56028,13,1397,49,80,106,1192,17,643,75,772,699,11533,201,494,416,308,24219,46,548,64,3467
佐　　　賀,564,204,114,1324,115,6908,1,57,6,33,20,375,4,327,3,24,69,741,27,72,40,26,2071,6,102,5,222
長　　　崎,1127,415,224,2217,244,10528,3,145,20,31,23,234,3,81,14,64,187,1779,56,104,103,66,1743,18,161,20,916
熊　　　本,1230,451,226,2387,262,13765,2,351,18,26,20,143,8,307,16,171,208,1939,75,150,106,65,4562,19,346,14,817
大　　　分,738,256,142,1224,148,8069,2,119,7,17,13,361,2,126,10,66,110,912,43,105,73,43,3224,10,142,9,243
宮　　　崎,775,221,124,1492,105,9014,-,-,16,34,14,120,2,144,11,45,113,1614,53,148,53,36,2481,8,59,8,124
鹿　児　島,1099,398,231,3681,226,16191,2,77,17,43,38,1853,7,818,17,491,156,2703,54,126,130,81,5697,18,128,35,5684
沖　　　縄,868,166,97,1577,111,12374,2,51,6,20,14,66,11,1026,3,15,72,1621,53,184,68,48,4653,6,162,11,1647
（再掲）指定都市・特別区, , , , , , , , , , , , , , , , , , , , , , , , , , , 
東京都の区部,11413,2276,1367,24967,1214,155382,16,1652,82,221,164,7215,55,2877,140,1798,1033,30542,379,1469,889,680,74929,101,2063,132,7716
札幌市,1301,276,155,4485,156,30384,5,1229,10,30,33,878,7,552,21,412,149,5487,80,225,116,99,16054,8,137,19,2795
仙台市,912,163,85,1028,66,8598,1,2,11,30,8,1392,4,73,5,42,79,1698,31,166,55,38,4099,5,36,5,78
さいたま市,1002,238,127,3967,139,25620,4,663,3,13,13,59,5,16,18,76,122,3528,60,338,119,82,11627,9,64,20,1078
千葉市,690,136,84,1748,81,14320,1,480,8,13,11,359,2,8,9,90,74,1986,41,171,63,49,9078,9,976,15,854
横浜市,3137,646,352,8861,367,54637,7,1268,22,73,40,908,16,940,31,448,315,9366,149,733,260,194,31032,16,205,31,1261
川崎市,1040,257,149,3594,143,27197,1,24,15,58,25,2570,7,1875,16,68,120,4407,62,321,121,94,16387,11,315,16,592
相模原市,445,75,38,988,44,10026,1,3,2,15,6,572,1,177,1,5,35,1950,21,108,25,23,5859,1,207,1,10
新潟市,634,191,99,1078,111,6410,1,20,7,11,7,105,2,234,16,154,85,1179,31,88,39,28,2547,4,52,5,466
静岡市,534,156,83,2328,87,11139,-,-,8,25,15,335,2,10,14,86,92,1643,31,179,42,33,4097,2,8,5,144
浜松市,617,201,95,1665,93,8630,-,-,8,16,11,453,4,520,15,84,113,1431,38,123,42,27,5127,5,64,11,1002
名古屋市,2197,706,389,5295,400,40814,4,677,23,83,47,1376,11,237,32,173,345,9155,112,444,262,208,21239,20,164,29,797
京都市,1583,581,341,2765,342,18313,5,306,25,40,38,741,11,1299,53,251,272,5487,71,172,194,137,8280,26,1031,38,3699
大阪市,3669,1214,677,9431,733,63519,5,271,30,55,101,1823,23,930,91,915,592,16712,186,645,486,339,28249,67,1401,102,4593
堺市,724,300,158,1824,179,18730,1,80,3,9,21,284,6,205,14,183,158,5920,47,107,109,79,8254,18,203,14,1041
神戸市,1598,620,353,3590,359,17977,4,380,13,55,43,992,5,40,32,87,300,6212,94,255,206,157,8611,25,329,39,879
岡山市,573,244,121,944,156,8798,2,464,9,19,11,186,3,561,8,38,120,1646,41,95,79,59,4432,8,69,12,257
広島市,1135,427,232,1882,250,13475,3,600,21,31,28,148,5,64,24,194,230,3945,48,101,105,78,4210,11,138,23,1390
北九州市,868,291,146,1038,188,12983,2,160,7,10,23,353,2,20,18,179,144,2094,53,103,88,66,4862,10,123,15,1012
福岡市,1579,414,196,2613,226,26029,4,570,15,35,34,391,10,446,31,389,220,4251,56,189,158,114,12992,22,197,26,1067
熊本市,555,202,100,1457,120,8255,2,351,7,11,12,121,6,294,12,155,97,1271,38,92,59,42,3889,8,305,8,387
（再掲）中核市, , , , , , , , , , , , , , , , , , , , , , , , , , , 
旭川市,201,46,21,797,19,1641,-,-,2,5,1,40,1,40,1,1,16,286,8,25,10,8,1605,1,40,1,81
函館市,180,62,20,208,27,2579,1,103,-,-,5,183,2,410,3,20,24,392,6,14,17,8,771,2,16,3,314
青森市,180,40,14,164,22,1144,-,-,2,5,2,2,1,175,1,1,13,246,7,39,11,9,637,2,948,-,-
八戸市,146,34,15,242,14,1729,-,-,1,1,1,40,-,-,1,1,21,593,7,32,10,8,804,2,35,2,34
盛岡市,236,64,26,163,29,1680,2,39,-,-,5,7,1,8,4,5,33,521,8,44,14,9,888,-,-,6,370
秋田市,274,83,28,183,41,1211,-,-,1,2,4,309,-,-,1,2,32,249,10,27,11,7,335,1,2,2,3
山形市,238,74,43,904,44,4647,-,-,2,2,1,2,1,5,3,39,33,404,14,64,20,13,1472,2,2,3,395
郡山市,219,71,31,617,44,3779,5,113,3,3,5,18,-,-,5,12,42,632,14,69,24,16,1198,2,80,5,946
いわき市,225,59,22,225,36,1947,-,-,1,1,7,116,-,-,2,6,27,403,9,26,15,9,1074,2,3,-,-
福島市,233,67,30,376,40,2467,3,256,3,4,2,957,-,-,4,9,38,829,19,68,18,16,900,4,152,3,31
水戸市,229,59,28,436,30,2630,-,-,1,1,2,10,1,101,8,27,32,449,10,43,23,17,1474,2,12,4,264
宇都宮市,407,85,38,467,38,3547,1,3,7,12,6,46,1,9,6,98,43,1039,12,47,18,14,1699,1,2,2,422
前橋市,324,135,67,699,84,7109,1,42,8,11,14,242,-,-,4,6,73,1431,32,105,37,28,3020,5,13,2,4
高崎市,338,120,70,587,73,4583,-,-,4,4,10,313,2,28,7,78,57,616,21,67,37,29,2206,6,322,6,597
川越市,208,37,22,451,16,2344,-,-,3,5,4,329,1,21,6,78,24,698,6,47,13,9,1647,1,40,2,128
越谷市,187,39,19,647,19,3712,-,-,2,12,4,99,1,100,2,4,18,1218,9,30,13,11,1953,2,33,1,10
川口市,330,70,43,1010,30,5180,-,-,2,3,5,24,3,80,6,9,33,679,17,69,32,24,3459,5,21,5,39
船橋市,373,66,40,932,37,9572,-,-,-,-,4,100,4,20,4,16,31,1366,15,78,29,21,4051,3,512,2,1345
柏市,267,49,28,314,30,4334,-,-,-,-,7,266,2,97,5,25,27,445,15,61,26,20,2355,4,91,7,210
八王子市,373,80,40,1351,47,7898,1,1000,1,20,9,171,4,53,7,119,39,1357,15,83,36,27,4044,5,128,8,696
横須賀市,290,94,56,754,63,8637,1,298,3,8,3,363,1,106,4,24,43,1078,24,146,32,27,4000,-,-,3,56
富山市,321,100,51,466,61,4221,1,165,5,10,5,20,2,330,9,76,49,1222,15,44,26,21,2301,3,32,1,7
金沢市,393,129,67,726,77,6564,1,1,6,21,7,127,1,1,10,83,61,1389,21,76,44,36,3193,4,76,5,67
福井市,227,85,39,207,52,1868,-,-,3,3,6,18,1,95,3,8,48,597,10,18,30,15,760,4,21,2,42
甲府市,208,54,26,342,29,1184,-,-,2,2,4,206,-,-,6,154,32,354,11,27,11,6,234,2,5,3,290
長野市,282,92,47,295,55,1825,-,-,4,11,4,18,-,-,2,16,44,371,19,28,27,21,655,3,340,4,300
松本市,222,96,54,301,63,2241,-,-,2,3,14,239,2,17,12,59,56,883,18,38,28,17,427,7,142,4,19
岐阜市,367,172,96,1230,111,7054,-,-,13,35,18,199,3,600,8,39,94,1806,27,81,61,46,2993,7,61,8,299
豊橋市,237,71,30,321,39,2657,-,-,-,-,4,39,1,7,9,137,30,364,9,22,23,12,485,1,3,10,2078
豊田市,235,74,36,182,44,1709,1,17,4,10,4,41,1,270,7,40,31,576,9,16,16,16,888,1,5,2,7
岡崎市,223,74,37,462,40,2876,-,-,-,-,5,56,2,6,12,60,38,472,16,51,28,13,1347,6,200,10,860
一宮市,239,95,58,933,61,5611,-,-,4,7,9,249,2,45,5,16,46,1242,18,80,32,21,1954,5,174,5,59
大津市,293,110,59,437,69,3113,-,-,2,2,8,95,2,48,10,13,54,822,12,24,42,32,1887,7,50,8,270
高槻市,292,109,62,569,77,5415,-,-,-,-,10,159,2,5,11,100,61,1854,16,38,41,34,3176,4,20,3,59
東大阪市,390,169,91,941,97,6618,-,-,3,5,13,288,3,27,10,38,86,2341,21,56,74,53,3080,13,78,18,154
豊中市,423,153,83,841,99,9986,1,121,3,23,15,289,3,186,15,104,85,2233,36,108,63,43,5650,5,84,18,1317
枚方市,277,102,50,585,56,7800,-,-,3,6,11,357,1,6,7,58,48,1147,15,77,41,28,3813,9,85,7,580
八尾市,202,80,49,536,53,4011,1,168,1,4,8,210,3,25,5,39,31,793,9,17,28,25,1817,1,1,6,600
寝屋川市,180,65,33,235,43,2861,-,-,1,1,4,21,3,120,2,7,27,601,8,18,21,18,1883,4,205,2,20
吹田市,370,132,66,948,85,5196,1,10,2,2,10,155,3,80,7,32,74,1502,24,44,50,39,3144,5,72,9,343
姫路市,404,154,70,483,83,5387,-,-,5,11,8,160,3,186,11,30,79,1509,28,64,46,31,2819,11,223,11,67
西宮市,543,177,105,973,111,8441,-,-,5,10,19,255,1,17,11,66,93,1718,42,112,47,38,4138,3,90,5,533
尼崎市,478,183,105,1697,105,9350,-,-,6,6,16,425,1,20,11,135,102,2130,23,69,54,38,3141,4,37,13,2161
明石市,236,103,66,452,55,2937,-,-,-,-,7,120,1,2,3,61,52,1283,16,36,38,24,1460,8,449,10,184
奈良市,392,120,65,548,69,6164,2,851,3,7,5,222,2,38,9,33,69,978,21,51,39,32,3343,4,96,6,172
和歌山市,392,189,117,927,125,8089,1,29,7,10,17,723,2,65,12,26,106,1663,41,83,73,51,2457,10,104,15,294
鳥取市,140,58,22,224,43,2170,-,-,1,1,4,28,-,-,5,13,28,322,8,16,26,14,709,2,34,4,960
松江市,207,97,54,369,62,2710,-,-,1,2,6,52,3,22,3,14,47,728,10,19,24,19,894,3,30,6,43
倉敷市,329,110,53,461,64,4005,2,55,5,10,6,113,6,335,8,83,48,636,14,39,26,20,1592,6,301,8,605
福山市,315,118,67,680,65,3997,2,537,4,4,6,54,1,2,7,29,65,947,23,55,36,24,1619,2,7,9,689
呉市,194,89,47,531,61,3322,2,65,4,21,11,129,2,13,5,12,43,619,12,26,22,13,383,9,110,6,127
下関市,234,82,45,334,49,2901,-,-,4,7,5,22,-,-,7,69,33,287,10,12,22,14,434,-,-,3,245
高松市,357,137,68,961,69,4008,-,-,-,-,12,59,-,-,3,18,61,722,18,57,34,23,1445,5,65,6,85
松山市,418,144,77,872,79,5246,1,26,4,11,9,63,1,297,10,145,71,1254,26,54,42,34,3449,6,20,3,54
高知市,219,54,28,309,29,2410,-,-,3,4,3,71,2,10,4,54,26,502,7,18,17,13,1257,2,13,4,168
久留米市,259,96,53,294,54,1888,-,-,3,3,5,35,-,-,2,2,54,498,17,33,23,14,544,1,1,3,456
長崎市,446,174,103,1047,111,5294,-,-,6,9,7,144,1,4,8,56,86,1107,18,32,54,41,828,9,45,11,875
佐世保市,173,49,22,347,29,2158,2,141,2,2,4,24,1,4,1,1,26,153,8,17,15,8,472,2,6,2,4
大分市,306,102,53,680,55,4920,1,74,4,5,7,237,-,-,6,58,45,544,19,66,30,22,2568,3,32,3,53
宮崎市,348,109,63,1073,55,5870,-,-,4,9,7,53,2,144,3,18,60,1049,28,95,31,26,1826,5,14,3,82
鹿児島市,446,147,82,2449,78,10338,1,69,7,18,14,1671,5,787,9,272,67,1986,18,55,51,35,3964,2,11,18,4802
那覇市,243,48,23,473,29,6565,1,45,-,-,1,4,6,558,-,-,24,826,12,69,17,14,2217,-,-,3,922
